"GeneID_name_human_readable","FlyBase_ID","Polypeptides_ID","isoform_name","sequences"
"broad (br)","FBgn0283451","FBpp0304572","br-PQ","MDDTQHFCLRWNNYQSSITSAFENLRDDEAFVDVTLACEGRSIKAHRVVLSACSPYFRELLKSTPCKHPVILLQDVNFMDLHALVEFIYHGEVNVHQKSLQSFLKTAEVLRVSGLTQQQAEDTHSHLAQIQNLANSGGRTPLNTHTQSLPHPHHGSLHDDGGSSTLFSRQGAGSPPPTAVPSLPSHINNQLLKRMAMMHRSSAAAAAEETSHAFKRLRGSDNSLPLSGAVGSGSNNNSPDLPPLHARSASPQQTPADFSTIKHHNNNNTPPLKEEKRNGPTGNGNSGNGNGNGNGASNGNGISISDKLGSLTPSPLARAGADDVKSEPMDMVCSNNNANANDEHSNDSTGEHDANRSSSGDGGKGSLSSGNDEEIGDGLASHHAAPQFIMSPAENKMFHAAAFNFPNIDPSALLGLNTQLQQSGDLAVSPQGGSTGSLLSGVIVPGGSGGTPSNSSSNNNNNNSNNQQQKVEQQSSPHQLLQQQHHSTPHTNSPQLKQEQPKSGGGSCKSSDLHIAAGSERSLSRSSQGMPDAGGHSATPSPTAAYHKRERERERERERERERERERSLDHERDLERPGGTGSPPPPPPSHHSHFGQHPLSLLPSHHQLHATHHELSAAAAHHAHAHAHAAHAHALARAGSPMEHHHLLHHRRASLSPSGAVSSASGAGGRGGGAGGPGGPGGSLLSSVRAQDVAQANRLLLPLPLNACHRCDVCGKLLSTKLTLKRHKEQQHLQPLNNAVCNLCHKVFRTLNSLNNHKSIYHRRQKNHHSYFHHGAGVSQAGSPGSRLHQSLSSLSAAAAAANNSVNVGGGSVGGAGGNAVAAAAAAAAAAAELLLSPIVGAAAVAGGTASSTLQLAAAHQQQQQQSSPGIVKPCMDFL"
"broad (br)","FBgn0283451","FBpp0292596","br-PM","MDDTQHFCLRWNNYQSSITSAFENLRDDEAFVDVTLACEGRSIKAHRVVLSACSPYFRELLKSTPCKHPVILLQDVNFMDLHALVEFIYHGEVNVHQKSLQSFLKTAEVLRVSGLTQQQAEDTHSHLAQIQNLANSGGRTPLNTHTQSLPHPHHGSLHDDGGSSTLFSRQGAGSPPPTAVPSLPSHINNQLLKRMAMMHRSSAAAAAEETSHAFKRLRGSDNSLPLSGAVGSGSNNNSPDLPPLHARSASPQQTPADFSTIKHHNNNNTPPLKEEKRNGPTGNGNSGNGNGNGNGASNGNGISISDKLGSLTPSPLARAGADDVKSEPMDMVCSNNNANANDEHSNDSTGEHDANRSSSGDGGKGSLSSGNDEEIGDGLASHHAAPQFIMSPAENKMFHAAAFNFPNIDPSALLGLNTQLQQSGDLAVSPQGKLTTNATTTTTTINNSITNNNNNNNYDYSLPTKNSNSQKTPSPTTTTLTTPTTTTPTRPTAITSASGICGLNLSTFAANGSSSGGSNGGLSMTALLPQQQQQQQQQHQMSQQQQQQQQQQQQQGNSSSGQQQQPNGILACSTPKANTPTTTQQQMYAAVMAAAASASASTSGSANSSLNNSNSTLNTSGGLNNSASGGDDFRCNPCNKNLSSLTRLKRHIQNVHMRPTKEPVCNICKRVYSSLNSLRNHKSIYHRNLKQPKQEPGVGATQAAANSFYHQQHQQQQLNHHSSS"
"broad (br)","FBgn0283451","FBpp0289658","br-PJ","MDDTQHFCLRWNNYQSSITSAFENLRDDEAFVDVTLACEGRSIKAHRVVLSACSPYFRELLKSTPCKHPVILLQDVNFMDLHALVEFIYHGEVNVHQKSLQSFLKTAEVLRVSGLTQQQAEDTHSHLAQIQNLANSGGRTPLNTHTQSLPHPHHGSLHDDGGSSTLFSRQGAGSPPPTAVPSLPSHINNQLLKRMAMMHRSSAAAAAEETSHAFKRLRGSDNSLPLSGAVGSGSNNNSPDLPPLHARSASPQQTPADFSTIKHHNNNNTPPLKEEKRNGPTGNGNSGNGNGNGNGASNGNGISISDKLGSLTPSPLARAGADDVKSEPMDMVCSNNNANANDEHSNDSTGEHDANRSSSGDGGKGSLSSGNDEEIGDGLASHHAAPQFIMSPAENKMFHAAAFNFPNIDPSALLGLNTQLQQSGDLAVSPQGNSPKKLFSCQLCGKLLCSKASLKRHIADKHAVRQEEYRCAICERVYCSRNSLMTHIYTYHKSRPGEMEMKDIKLYNQFNSSI"
"broad (br)","FBgn0283451","FBpp0070255","br-PA","MDDTQHFCLRWNNYQSSITSAFENLRDDEAFVDVTLACEGRSIKAHRVVLSACSPYFRELLKSTPCKHPVILLQDVNFMDLHALVEFIYHGEVNVHQKSLQSFLKTAEVLRVSGLTQQQAEDTHSHLAQIQNLANSGGRTPLNTHTQSLPHPHHGSLHDDGGSSTLFSRQGAGSPPPTAVPSLPSHINNQLLKRMAMMHRSSAAAAAEETSHAFKRLRGSDNSLPLSGAVGSGSNNNSPDLPPLHARSASPQQTPADFSTIKHHNNNNTPPLKEEKRNGPTGNGNSGNGNGNGNGASNGNGISISDKLGSLTPSPLARAGADDVKSEPMDMVCSNNNANANDEHSNDSTGEHDANRSSSGDGGKGSLSSGNDEEIGDGLASHHAAPQFIMSPAENKMFHAAAFNFPNIDPSALLGLNTQLQQSGDLAVSPQGPHSITRSAATSPTSSTSSPPSPPTALISPTSSLKGSLAAAVYSLHSHAHGHVLGHATSPPRPGSVGSSVGSNLCTSTSMGCGVNSGNNSGNNNGNNANNNSNNGNATNNNNNSSSSSTSPGSQATAAGGTVTQAGTPPLPLRMPPPTSGGINEPQECPYCRRTFSCYYSLKRHFQDKHEQSDTLYVCEFCHRRYRTKNSLTTHKSLQHRGSSGMLKRLLKTTAIKHGLVGHGHGHGHVHHPHAHHHALSHPRTSLYDFTSELGQPPPGIQ"
"broad (br)","FBgn0283451","FBpp0070252","br-PE","MDDTQHFCLRWNNYQSSITSAFENLRDDEAFVDVTLACEGRSIKAHRVVLSACSPYFRELLKSTPCKHPVILLQDVNFMDLHALVEFIYHGEVNVHQKSLQSFLKTAEVLRVSGLTQQQAEDTHSHLAQIQNLANSGGRTPLNTHTQSLPHPHHGSLHDDGGSSTLFSRQGAGSPPPTAVPSLPSHINNQLLKRMAMMHRSSAAAAAEETSHAFKRLRGSDNSLPLSGAVGSGSNNNSPDLPPLHARSASPQQTPADFSTIKHHNNNNTPPLKEEKRNGPTGNGNSGNGNGNGNGASNGNGISISDKLGSLTPSPLARAGADDVKSEPMDMVCSNNNANANDEHSNDSTGEHDANRSSSGDGGKGSLSSGNDEEIGDGLASHHAAPQFIMSPAENKMFHAAAFNFPNIDPSALLGLNTQLQQSGDLAVSPQGKLTTNATTTTTTINNSITNNNNNNNYDYSLPTKNSNSQKTPSPTTTTLTTPTTTTPTRPTAITSASGICGLNLSTFAANGSSSGGSNGGLSMTALLPQQQQQQQQQHQMSQQQQQQQQQQQQQGNSSSGQQQQPNGILACSTPKANTPTTTQQQMYAAVMAAAASASASTSGSANSSLNNSNSTLNTSGGLNNSASGGDDFRCNPCNKNLSSLTRLKRHIQNVHMRPTKEPVCNICKRVYSSLNSLRNHKSIYHRNLKQPKQEPGVGATQAAANSFYHQQHQQQQLNHHSSS"
"broad (br)","FBgn0283451","FBpp0070251","br-PC","MDDTQHFCLRWNNYQSSITSAFENLRDDEAFVDVTLACEGRSIKAHRVVLSACSPYFRELLKSTPCKHPVILLQDVNFMDLHALVEFIYHGEVNVHQKSLQSFLKTAEVLRVSGLTQQQAEDTHSHLAQIQNLANSGGRTPLNTHTQSLPHPHHGSLHDDGGSSTLFSRQGAGSPPPTAVPSLPSHINNQLLKRMAMMHRSSAAAAAEETSHAFKRLRGSDNSLPLSGAVGSGSNNNSPDLPPLHARSASPQQTPADFSTIKHHNNNNTPPLKEEKRNGPTGNGNSGNGNGNGNGASNGNGISISDKLGSLTPSPLARAGADDVKSEPMDMVCSNNNANANDEHSNDSTGEHDANRSSSGDGGKGSLSSGNDEEIGDGLASHHAAPQFIMSPAENKMFHAAAFNFPNIDPSALLGLNTQLQQSGDLAVSPQGGSTGSLLSGVIVPGGSGGTPSNSSSNNNNNNSNNQQQKVEQQSSPHQLLQQQHHSTPHTNSPQLKQEQPKSGGGSCKSSDLHIAAGSERSLSRSSQGMPDAGGHSATPSPTAAYHKRERERERERERERERERERSLDHERDLERPGGTGSPPPPPPSHHSHFGQHPLSLLPSHHQLHATHHELSAAAAHHAHAHAHAAHAHALARAGSPMEHHHLLHHRRASLSPSGAVSSASGAGGRGGGAGGPGGPGGSLLSSVRAQDVAQANRLLLPLPLNACHRCDVCGKLLSTKLTLKRHKEQQHLQPLNNAVCNLCHKVFRTLNSLNNHKSIYHRRQKNHHSYFHHGAGVSQAGSPGSRLHQSLSSLSAAAAAANNSVNVGGGSVGGAGGNAVAAAAAAAAAAAELLLSPIVGAAAVAGGTASSTLQLAAAHQQQQQQSSPGIVKPCMDFL"
"broad (br)","FBgn0283451","FBpp0070253","br-PB","MDDTQHFCLRWNNYQSSITSAFENLRDDEAFVDVTLACEGRSIKAHRVVLSACSPYFRELLKSTPCKHPVILLQDVNFMDLHALVEFIYHGEVNVHQKSLQSFLKTAEVLRVSGLTQQQAEDTHSHLAQIQNLANSGGRTPLNTHTQSLPHPHHGSLHDDGGSSTLFSRQGAGSPPPTAVPSLPSHINNQLLKRMAMMHRSSAAAAAEETSHAFKRLRGSDNSLPLSGAVGSGSNNNSPDLPPLHARSASPQQTPADFSTIKHHNNNNTPPLKEEKRNGPTGNGNSGNGNGNGNGASNGNGISISDKLGSLTPSPLARAGADDVKSEPMDMVCSNNNANANDEHSNDSTGEHDANRSSSGDGGKGSLSSGNDEEIGDGLASHHAAPQFIMSPAENKMFHAAAFNFPNIDPSALLGLNTQLQQSGDLAVSPQGGSTGSLLSGVIVPGGSGGTPSNSSSNNNNNNSNNQQQKVEQQSSPHQLLQQQHHSTPHTNSPQLKQEQPKSGGGSCKSSDLHIAAGSERSLSRSSQGMPDAGGHSATPSPTAAYHKRERERERERERERERERERSLDHERDLERPGGTGSPPPPPPSHHSHFGQHPLSLLPSHHQLHATHHELSAAAAHHAHAHAHAAHAHALARAGSPMEHHHLLHHRRASLSPSGAVSSASGAGGRGGGAGGPGGPGGSLLSSVRAQDVAQANRLLLPLPLNACHRCDVCGKLLSTKLTLKRHKEQQHLQPLNNAVCNLCHKVFRTLNSLNNHKSIYHRRQKNHHSYFHHGAGVSQAGSPGSRLHQSLSSLSAAAAAANNSVNVGGGSVGGAGGNAVAAAAAAAAAAAELLLSPIVGAAAVAGGTASSTLQLAAAHQQQQQQSSPGIVKPCMDFL"
"broad (br)","FBgn0283451","FBpp0292595","br-PL","MDDTQHFCLRWNNYQSSITSAFENLRDDEAFVDVTLACEGRSIKAHRVVLSACSPYFRELLKSTPCKHPVILLQDVNFMDLHALVEFIYHGEVNVHQKSLQSFLKTAEVLRVSGLTQQQAEDTHSHLAQIQNLANSGGRTPLNTHTQSLPHPHHGSLHDDGGSSTLFSRQGAGSPPPTAVPSLPSHINNQLLKRMAMMHRSSAAAAAEETSHAFKRLRGSDNSLPLSGAVGSGSNNNSPDLPPLHARSASPQQTPADFSTIKHHNNNNTPPLKEEKRNGPTGNGNSGNGNGNGNGASNGNGISISDKLGSLTPSPLARAGADDVKSEPMDMVCSNNNANANDEHSNDSTGEHDANRSSSGDGGKGSLSSGNDEEIGDGLASHHAAPQFIMSPAENKMFHAAAFNFPNIDPSALLGLNTQLQQSGDLAVSPQGNSPKKLFSCQLCGKLLCSKASLKRHIADKHAVRQEEYRCAICERVYCSRNSLMTHIYTYHKSRPGEMEMKDIKLYNQFNSSI"
"broad (br)","FBgn0283451","FBpp0300638","br-PO","MDDTQHFCLRWNNYQSSITSAFENLRDDEAFVDVTLACEGRSIKAHRVVLSACSPYFRELLKSTPCKHPVILLQDVNFMDLHALVEFIYHGEVNVHQKSLQSFLKTAEVLRVSGLTQQQAEDTHSHLAQIQNLANSGGRTPLNTHTQSLPHPHHGSLHDDGGSSTLFSRQGAGSPPPTAVPSLPSHINNQLLKRMAMMHRSSAAAAAEETSHAFKRLRGSDNSLPLSGAVGSGSNNNSPDLPPLHARSASPQQTPADFSTIKHHNNNNTPPLKEEKRNGPTGNGNSGNGNGNGNGASNGNGISISDKLGSLTPSPLARAGADDVKSEPMDMVCSNNNANANDEHSNDSTGEHDANRSSSGDGGKGSLSSGNDEEIGDGLASHHAAPQFIMSPAENKMFHAAAFNFPNIDPSALLGLNTQLQQSGDLAVSPQAITSASGICGLNLSTFAANGSSSGGSNGGLSMTALLPQQQQQQQQQHQMSQQQQQQQQQQQQQGNSSSGQQQQPNGILACSTPKANTPTTTQQQMYAAVMAAAASASASTSGSANSSLNNSNSTLNTSGGLNNSASGGDDFRCNPCNKNLSSLTRLKRHIQNVHMRPTKEPVCNICKRVYSSLNSLRNHKSIYHRNLKQPKQEPGVGATQAAANSFYHQQHQQQQLNHHSSS"
"broad (br)","FBgn0283451","FBpp0070256","br-PG","MDDTQHFCLRWNNYQSSITSAFENLRDDEAFVDVTLACEGRSIKAHRVVLSACSPYFRELLKSTPCKHPVILLQDVNFMDLHALVEFIYHGEVNVHQKSLQSFLKTAEVLRVSGLTQQQAEDTHSHLAQIQNLANSGGRTPLNTHTQSLPHPHHGSLHDDGGSSTLFSRQGAGSPPPTAVPSLPSHINNQLLKRMAMMHRSSAAAAAEETSHAFKRLRGSDNSLPLSGAVGSGSNNNSPDLPPLHARSASPQQTPADFSTIKHHNNNNTPPLKEEKRNGPTGNGNSGNGNGNGNGASNGNGISISDKLGSLTPSPLARAGADDVKSEPMDMVCSNNNANANDEHSNDSTGEHDANRSSSGDGGKGSLSSGNDEEIGDGLASHHAAPQFIMSPAENKMFHAAAFNFPNIDPSALLGLNTQLQQSGDLAVSPQAITSASGICGLNLSTFAANGSSSGGSNGGLSMTALLPQQQQQQQQQHQMSQQQQQQQQQQQQQGNSSSGQQQQPNGILACSTPKANTPTTTQQQMYAAVMAAAASASASTSGSANSSLNNSNSTLNTSGGLNNSASGGDDFRCNPCNKNLSSLTRLKRHIQNVHMRPTKEPVCNICKRVYSSLNSLRNHKSIYHRNLKQPKQEPGVGATQAAANSFYHQQHQQQQLNHHSSS"
"broad (br)","FBgn0283451","FBpp0289656","br-PH","MDDTQHFCLRWNNYQSSITSAFENLRDDEAFVDVTLACEGRSIKAHRVVLSACSPYFRELLKSTPCKHPVILLQDVNFMDLHALVEFIYHGEVNVHQKSLQSFLKTAEVLRVSGLTQQQAEDTHSHLAQIQNLANSGGRTPLNTHTQSLPHPHHGSLHDDGGSSTLFSRQGAGSPPPTAVPSLPSHINNQLLKRMAMMHRSSAAAAAEETSHAFKRLRGSDNSLPLSGAVGSGSNNNSPDLPPLHARSASPQQTPADFSTIKHHNNNNTPPLKEEKRNGPTGNGNSGNGNGNGNGASNGNGISISDKLGSLTPSPLARAGADDVKSEPMDMVCSNNNANANDEHSNDSTGEHDANRSSSGDGGKGSLSSGNDEEIGDGLASHHAAPQFIMSPAENKMFHAAAFNFPNIDPSALLGLNTQLQQSGDLAVSPQGGSTGSLLSGVIVPGGSGGTPSNSSSNNNNNNSNNQQQKVEQQSSPHQLLQQQHHSTPHTNSPQLKQEQPKSGGGSCKSSDLHIAAGSERSLSRSSQGMPDAGGHSATPSPTAAYHKRERERERERERERERERERSLDHERDLERPGGTGSPPPPPPSHHSHFGQHPLSLLPSHHQLHATHHELSAAAAHHAHAHAHAAHAHALARAGSPMEHHHLLHHRRASLSPSGAVSSASGAGGRGGGAGGPGGPGGSLLSSVRAQDVAQANRLLLPLPLNACHRCDVCGKLLSTKLTLKRHKEQQHLQPLNNAVCNLCHKVFRTLNSLNNHKSIYHRRQKNHHSYFHHGAGVSQAGSPGSRLHQSLSSLSAAAAAANNSVNVGGGSVGGAGGNAVAAAAAAAAAAAELLLSPIVGAAAVAGGTASSTLQLAAAHQQQQQQSSPGIVKPCMDFL"
"broad (br)","FBgn0283451","FBpp0303432","br-PP","MDDTQHFCLRWNNYQSSITSAFENLRDDEAFVDVTLACEGRSIKAHRVVLSACSPYFRELLKSTPCKHPVILLQDVNFMDLHALVEFIYHGEVNVHQKSLQSFLKTAEVLRVSGLTQQQAEDTHSHLAQIQNLANSGGRTPLNTHTQSLPHPHHGSLHDDGGSSTLFSRQGAGSPPPTAVPSLPSHINNQLLKRMAMMHRSSAAAAAEETSHAFKRLRGSDNSLPLSGAVGSGSNNNSPDLPPLHARSASPQQTPADFSTIKHHNNNNTPPLKEEKRNGPTGNGNSGNGNGNGNGASNGNGISISDKLGSLTPSPLARAGADDVKSEPMDMVCSNNNANANDEHSNDSTGEHDANRSSSGDGGKGSLSSGNDEEIGDGLASHHAAPQFIMSPAENKMFHAAAFNFPNIDPSALLGLNTQLQQSGDLAVSPQGGSTGSLLSGVIVPGGSGGTPSNSSSNNNNNNSNNQQQKVEQQSSPHQLLQQQHHSTPHTNSPQLKQEQPKSGGGSCKSSDLHIAAGSERSLSRSSQGMPDAGGHSATPSPTAAYHKRERERERERERERERERERSLDHERDLERPGGTGSPPPPPPSHHSHFGQHPLSLLPSHHQLHATHHELSAAAAHHAHAHAHAAHAHALARAGSPMEHHHLLHHRRASLSPSGAVSSASGAGGRGGGAGGPGGPGGSLLSSVRAQDVAQANRLLLPLPLNACHRCDVCGKLLSTKLTLKRHKEQQHLQPLNNAVCNLCHKVFRTLNSLNNHKSIYHRRQKNHHSYFHHGAGVSQAGSPGSRLHQSLSSLSAAAAAANNSVNVGGGSVGGAGGNAVAAAAAAAAAAAELLLSPIVGAAAVAGGTASSTLQLAAAHQQQQQQSSPGIVKPCMDFLXDQQQLLQQLFHVALNNSAAAAAAAAAAAAAGGSGGGPGGVGAGPESINGGGQEYGGVQGPSGTPTVDLTQLEHAAGGGGFSAAAALQHHLPHHLAHQHPMSHQHPHQLTHQHPHPHPHQHPYERMNLLDQ"
"broad (br)","FBgn0283451","FBpp0292597","br-PN","MDDTQHFCLRWNNYQSSITSAFENLRDDEAFVDVTLACEGRSIKAHRVVLSACSPYFRELLKSTPCKHPVILLQDVNFMDLHALVEFIYHGEVNVHQKSLQSFLKTAEVLRVSGLTQQQAEDTHSHLAQIQNLANSGGRTPLNTHTQSLPHPHHGSLHDDGGSSTLFSRQGAGSPPPTAVPSLPSHINNQLLKRMAMMHRSSAAAAAEETSHAFKRLRGSDNSLPLSGAVGSGSNNNSPDLPPLHARSASPQQTPADFSTIKHHNNNNTPPLKEEKRNGPTGNGNSGNGNGNGNGASNGNGISISDKLGSLTPSPLARAGADDVKSEPMDMVCSNNNANANDEHSNDSTGEHDANRSSSGDGGKGSLSSGNDEEIGDGLASHHAAPQFIMSPAENKMFHAAAFNFPNIDPSALLGLNTQLQQSGDLAVSPQGKLTTNATTTTTTINNSITNNNNNNNYDYSLPTKNSNSQKTPSPTTTTLTTPTTTTPTRPTAITSASGICGLNLSTFAANGSSSGGSNGGLSMTALLPQQQQQQQQQHQMSQQQQQQQQQQQQQGNSSSGQQQQPNGILACSTPKANTPTTTQQQMYAAVMAAAASASASTSGSANSSLNNSNSTLNTSGGLNNSASGGDDFRCNPCNKNLSSLTRLKRHIQNVHMRPTKEPVCNICKRVYSSLNSLRNHKSIYHRNLKQPKQEPGVGATQAAANSFYHQQHQQQQLNHHSSS"
"broad (br)","FBgn0283451","FBpp0289657","br-PI","MDDTQHFCLRWNNYQSSITSAFENLRDDEAFVDVTLACEGRSIKAHRVVLSACSPYFRELLKSTPCKHPVILLQDVNFMDLHALVEFIYHGEVNVHQKSLQSFLKTAEVLRVSGLTQQQAEDTHSHLAQIQNLANSGGRTPLNTHTQSLPHPHHGSLHDDGGSSTLFSRQGAGSPPPTAVPSLPSHINNQLLKRMAMMHRSSAAAAAEETSHAFKRLRGSDNSLPLSGAVGSGSNNNSPDLPPLHARSASPQQTPADFSTIKHHNNNNTPPLKEEKRNGPTGNGNSGNGNGNGNGASNGNGISISDKLGSLTPSPLARAGADDVKSEPMDMVCSNNNANANDEHSNDSTGEHDANRSSSGDGGKGSLSSGNDEEIGDGLASHHAAPQFIMSPAENKMFHAAAFNFPNIDPSALLGLNTQLQQSGDLAVSPQGGSTGSLLSGVIVPGGSGGTPSNSSSNNNNNNSNNQQQKVEQQSSPHQLLQQQHHSTPHTNSPQLKQEQPKSGGGSCKSSDLHIAAGSERSLSRSSQGMPDAGGHSATPSPTAAYHKRERERERERERERERERERSLDHERDLERPGGTGSPPPPPPSHHSHFGQHPLSLLPSHHQLHATHHELSAAAAHHAHAHAHAAHAHALARAGSPMEHHHLLHHRRASLSPSGAVSSASGAGGRGGGAGGPGGPGGSLLSSVRAQDVAQANRLLLPLPLNACHRCDVCGKLLSTKLTLKRHKEQQHLQPLNNAVCNLCHKVFRTLNSLNNHKSIYHRRQKNHHSYFHHGAGVSQAGSPGSRLHQSLSSLSAAAAAANNSVNVGGGSVGGAGGNAVAAAAAAAAAAAELLLSPIVGAAAVAGGTASSTLQLAAAHQQQQQQSSPGIVKPCMDFL"
"Bursicon (Burs)","FBgn0038901","FBpp0083529","Burs-PA","MLRHLLRHENNKVFVLILLYCVLVSILKLCTAQPDSSVAATDNDITHLGDDCQVTPVIHVLQYPGCVPKPIPSFACVGRCASYIQVSGSKIWQMERSCMCCQESGEREAAVSLFCPKVKPGERKFKKVLTKAPLECMCRPCTSIEESGIIPQEIAGYSDEGPLNNHFRRIALQ"
"Crustacean cardioactive peptide (CCAP)","FBgn0039007","FBpp0307015","CCAP-PB","MRTSMRISLRLLALLACAICSQASLERENNEGTNMANHKLSGVIQWKYEKRPFCNAFTGCGRKRTYPSYPPFSLFKRNEVEEKPYNNEYLSEGLSDLIDINAEPAVENVQKQIMSQAKIFEAIKEASKEIFRQKNKQKMLQNEKEMQQLEERESK"
"Crustacean cardioactive peptide (CCAP)","FBgn0039007","FBpp0083726","CCAP-PA","MRTSMRISLRLLALLACAICSQASLERENNEGTNMANHKLSGVIQWKYEKRPFCNAFTGCGRKRTYPSYPPFSLFKRNEVEEKPYNNEYLSEGLSDLIDINAEPAVENVQKQIMSQAKIFEAIKEASKEIFRQKNKQKMLQNEKEMQQLEERESK"
"Death-associated APAF1-related killer (Dark)","FBgn0263864","FBpp0086122","Dark-PB","MDFETGEHQYQYKDILSVFEDAFVDNFDCKDVQDMPKSILSKEEIDHIIMSKDAVSGTLRLFWTLLSKQEEMVQKFVEEVLRINYKFLMSPIKTEQRQPSMMTRMYIEQRDRLYNDNQVFAKYNVSRLQPYLKLRQALLELRPAKNVLIDGVLGSGKTWVALDVCLSYKVQCKMDFKIFWLNLKNCNSPETVLEMLQKLLYQIDPNWTSRSDHSSNIKLRIHSIQAELRRLLKSKPYENCLLVLLNVQNAKAWNAFNLSCKILLTTRFKQVTDFLSAATTTHISLDHHSMTLTPDEVKSLLLKYLDCRPQDLPREVLTTNPRRLSIIAESIRDGLATWDNWKHVNCDKLTTIIESSLNVLEPAEYRKMFDRLSVFPPSAHIPTILLSLIWFDVIKSDVMVVVNKLHKYSLVEKQPKESTISIPSIYLELKVKLENEYALHRSIVDHYNIPKTFDSDDLIPPYLDQYFYSHIGHHLKNIEHPERMTLFRMVFLDFRFLEQKIRHDSTAWNASGSILNTLQQLKFYKPYICDNDPKYERLVNAILDFLPKIEENLICSKYTDLLRIALMAEDEAIFEEAHKQVQRFDDRVWFTNHGRFHQHRQIINLGDNEGRHAVYLHNDFCLIALASGQILLTDVSLEGEDTYLLRDESDSSDILRMAVFNQQKHLITLHCNGSVKLWSLWPDCPGRRHSGGSKQQLVNSVVKRFIGSYANLKIVAFYLNEDAGLPEANIQLHVAFINGDVSILNWDEQDQEFKLSHVPVLKTMQSGIRCFVQVLKRYYVVCTSNCTLTVWDLTNGSSNTLELHVFNVENDTPLALDVFDERSKTATVLLIFKYSVWRLNFLPGLSVSLQSEAVQLPEGSFITCGKRSTDGRYLLLGTSEGLIVYDLKISDPVLRSNVSEHIECVDIYELFDPVYKYIVLCGAKGKQVVHVHTLRSVSGSNSHQNREIAWVHSADEISVMTKACLEPNVYLRSLMDMTRERTQLLAVDSKERIHLIKPAISRISEWSTITPTHAASNCKINAISAFNDEQIFVGYVDGVIIDVIHDTALPQQFIEEPIDYLKQVSPNILVASAHSAQKTVIFQLEKIDPLQPNDQWPLMMDVSTKYASLQEGQYIILFSDHGVCHLDIANPSAFVKPKDSEEYIVGFDLKNSLLFLAYENNIIDVFRLIFSCNQLRYEQICEEEIAQKAKISYLVATDDGTMLAMGFENGTLELFAVENRKVQLIYSIEEVHEHCIRQLLFSPCKLLLISCAEQLCFWNVTHMRNNQLEREQKRRRSRRHKQHSVTQEDAVDAAPIAADIDVDVTFVADEFHPVNRGTAELWRNKRGNAIRPELLACVKFVGNEARQFFTDAHFSHFYAIDDEGVYYHLQLLELSRLQPPPDPVTLDIANQYEDLKNLRILDSPLMQDSDSEGADVVGNLVLEKNGGVARATPILEEASS"
"Death-associated APAF1-related killer (Dark)","FBgn0263864","FBpp0086121","Dark-PA","MDFETGEHQYQYKDILSVFEDAFVDNFDCKDVQDMPKSILSKEEIDHIIMSKDAVSGTLRLFWTLLSKQEEMVQKFVEEVLRINYKFLMSPIKTEQRQPSMMTRMYIEQRDRLYNDNQVFAKYNVSRLQPYLKLRQALLELRPAKNVLIDGVLGSGKTWVALDVCLSYKVQCKMDFKIFWLNLKNCNSPETVLEMLQKLLYQIDPNWTSRSDHSSNIKLRIHSIQAELRRLLKSKPYENCLLVLLNVQNAKAWNAFNLSCKILLTTRFKQVTDFLSAATTTHISLDHHSMTLTPDEVKSLLLKYLDCRPQDLPREVLTTNPRRLSIIAESIRDGLATWDNWKHVNCDKLTTIIESSLNVLEPAEYRKMFDRLSVFPPSAHIPTILLSLIWFDVIKSDVMVVVNKLHKYSLVEKQPKESTISIPSIYLELKVKLENEYALHRSIVDHYNIPKTFDSDDLIPPYLDQYFYSHIGHHLKNIEHPERMTLFRMVFLDFRFLEQKIRHDSTAWNASGSILNTLQQLKFYKPYICGT"
"Distal-less (Dll)","FBgn0000157","FBpp0289353","Dll-PC","MDAPDAPHTPKYMDGGNTAASVTPGINIPGKSAFVELQQHAAAGYGGIRSTYQHFGPQGGQDSGFPSPRSALGYPFPPMHQNSYSGYHLGSYAPPCASPPKDDFSISDKCEDSGLRVNGKGKKMRKPRTIYSSLQLQQLNRRFQRTQYLALPERAELAASLGLTQTQVKIWFQNRRSKYKKMMKAAQGPGTNSGMPLGGGGPNPGQHSPNQMHSGELANGRFLWAALETNGTLALVHSTGGNNGGGSNSGSPSHYLPPGHSPTPSSTPVSELSPEFPPTGLSPPTQAPWDQKPHWIDHKPPPQMTPQPPHPAATLHPQTHHHNPPPQMGGYVPQYWYQPETNPSLVT"
"Distal-less (Dll)","FBgn0000157","FBpp0072285","Dll-PB","MDAPDAPHTPKYMDGGNTAASVTPGINIPGKSAFVELQQHAAAGYGGIRSTYQHFGPQGGQDSGFPSPRSALGYPFPPMHQNSYSGYHLGSYAPPCASPPKDDFSISDKCEDSGLRVNGKGKKMRKPRTIYSSLQLQQLNRRFQRTQYLALPERAELAASLGLTQTQVKIWFQNRRSKYKKMMKAAQGPGTNSGMPLGGGGPNPGQHSPNQMHSGGNNGGGSNSGSPSHYLPPGHSPTPSSTPVSELSPEFPPTGLSPPTQAPWDQKPHWIDHKPPPQMTPQPPHPAATLHPQTHHHNPPPQMGGYVPQYWYQPETNPSLVT"
"Distal-less (Dll)","FBgn0000157","FBpp0072286","Dll-PA","MDAPDAPHTPKYMDGGNTAASVTPGINIPGKSAFVELQQHAAAGYGGIRSTYQHFGPQGGQDSGFPSPRSALGYPFPPMHQNSYSGYHLGSYAPPCASPPKDDFSISDKCEDSGLRVNGKGKKMRKPRTIYSSLQLQQLNRRFQRTQYLALPERAELAASLGLTQTQVKIWFQNRRSKYKKMMKAAQGPGTNSGMPLGGGGPNPGQHSPNQMHSGGNNGGGSNSGSPSHYLPPGHSPTPSSTPVSELSPEFPPTGLSPPTQAPWDQKPHWIDHKPPPQMTPQPPHPAATLHPQTHHHNPPPQMGGYVPQYWYQPETNPSLVTVWPAV"
"Death related ICE-like caspase (Drice)","FBgn0019972","FBpp0084848","Drice-PA","MDATNNGESADQVGIRVGNPEQPNDHTDALGSVGSGGAGSSGLVAGSSHPYGSGAIGQLANGYSSPSSSYRKNVAKMVTDRHAAEYNMRHKNRGMALIFNHEHFEVPTLKSRAGTNVDCENLTRVLKQLDFEVTVYKDCRYKDILRTIEYAASQNHSDSDCILVAILSHGEMGYIYAKDTQYKLDNIWSFFTANHCPSLAGKPKLFFIQACQGDRLDGGVTMQRSQTETDGDSSMSYKIPVHADFLIAYSTVPGFYSWRNTTRGSWFMQSLCAELAANGKRLDILTLLTFVCQRVAVDFESCTPDTPEMHQQKQIPCITTMLTRILRFSDKQLAPAGRV"
"Ecdysone receptor (EcR)","FBgn0000546","FBpp0085351","EcR-PE","MLTTSGQQQSKQKLSTLPSHILLQQQLAASAGPSSSVSLSPSSSAALTLHVASANGGARETTSAAAVKDKLRPTPTAIKIEPMPDVISVGTVAGGSSVATVVAPAATTTSNKPNSTAAPSTSAAAANGHLVLVPNKRPRLDVTEDWMSTPSPGSVPSSAPPLSPSPGSQNHSYNMSNGYASPMSAGSYDPYSPTGKTGRDDLSPSSSLNGYSANESCDAKKSKKGPAPRVQEELCLVCGDRASGYHYNALTCEGCKGFFRRSVTKSAVYCCKFGRACEMDMYMRRKCQECRLKKCLAVGMRPECVVPENQCAMKRREKKAQKEKDKMTTSPSSQHGGNGSLASGGGQDFVKKEILDLMTCEPPQHATIPLLPDEILAKCQARNIPSLTYNQLAVIYKLIWYQDGYEQPSEEDLRRIMSQPDENESQTDVSFRHITEITILTVQLIVEFAKGLPAFTKIPQEDQITLLKACSSEVMMLRMARRYDHSSDSIFFANNRSYTRDSYKMAGMADNIEDLLHFCRQMFSMKVDNVEYALLTAIVIFSDRPGLEKAQLVEAIQSYYIDTLRIYILNRHCGDSMSLVFYAKLLSILTELRTLGNQNAEMCFSLKLKNRKLPKFLEEIWDVHAIPPSVQSHLQITQEENERLERAERMRASVGGAITAGIDCDSASTSAAAAAAQHQPQPQPQPQPSSLTQNDSQHQTQPQLQPQLPPQLQGQLQPQLQPQLQTQLQPQIQPQPQLLPVSAPVPASVTAPGSLSAVSTSSEYMGGSAAIGPITPATTSSITAAVTASSTTSAVPMGNGVGVGVGVGGNVSMYANAQTAMALMGVALHSHQEQLIGGVAVKSEHSTTA"
"Ecdysone receptor (EcR)","FBgn0000546","FBpp0085349","EcR-PA","MLTTSGQQQSKQKLSTLPSHILLQQQLAASAGPSSSVSLSPSSSAALTLHVASANGGARETTSAAAVKDKLRPTPTAIKIEPMPDVISVGTVAGGSSVATVVAPAATTTSNKPNSTAAPSTSAAAANGHLVLVPNKRPRLDVTEDWMSTPSPGSVPSSAPPLSPSPGSQNHSYNMSNGYASPMSAGSYDPYSPTGKTGRDDLSPSSSLNGYSANESCDAKKSKKGPAPRVQEELCLVCGDRASGYHYNALTCEGCKGFFRRSVTKSAVYCCKFGRACEMDMYMRRKCQECRLKKCLAVGMRPECVVPENQCAMKRREKKAQKEKDKMTTSPSSQHGGNGSLASGGGQDFVKKEILDLMTCEPPQHATIPLLPDEILAKCQARNIPSLTYNQLAVIYKLIWYQDGYEQPSEEDLRRIMSQPDENESQTDVSFRHITEITILTVQLIVEFAKGLPAFTKIPQEDQITLLKACSSEVMMLRMARRYDHSSDSIFFANNRSYTRDSYKMAGMADNIEDLLHFCRQMFSMKVDNVEYALLTAIVIFSDRPGLEKAQLVEAIQSYYIDTLRIYILNRHCGDSMSLVFYAKLLSILTELRTLGNQNAEMCFSLKLKNRKLPKFLEEIWDVHAIPPSVQSHLQITQEENERLERAERMRASVGGAITAGIDCDSASTSAAAAAAQHQPQPQPQPQPSSLTQNDSQHQTQPQLQPQLPPQLQGQLQPQLQPQLQTQLQPQIQPQPQLLPVSAPVPASVTAPGSLSAVSTSSEYMGGSAAIGPITPATTSSITAAVTASSTTSAVPMGNGVGVGVGVGGNVSMYANAQTAMALMGVALHSHQEQLIGGVAVKSEHSTTA"
"Ecdysone receptor (EcR)","FBgn0000546","FBpp0291631","EcR-PG","MKRRWSNNGGFMRLPEESSSEVTSSSNGLVLPSGVNMSPSSLDSHDYCDQDLWLCGNESGSFGGSNGHGLSQQQQSVITLAMHGCSSTLPAQTTIIPINGNANGNGGSTNGQYVPGATNLGALANGMLNGGFNGMQQQIQNGHGLINSTTPSTPTTPLHLQQNLGGAGGGGIGGMGILHHANGTPNGLIGVVGGGGGVGLGVGGGGVGGLGMQHTPRSDSVNSISSGRDDLSPSSSLNGYSANESCDAKKSKKGPAPRVQEELCLVCGDRASGYHYNALTCEGCKGFFRRSVTKSAVYCCKFGRACEMDMYMRRKCQECRLKKCLAVGMRPECVVPENQCAMKRREKKAQKEKDKMTTSPSSQHGGNGSLASGGGQDFVKKEILDLMTCEPPQHATIPLLPDEILAKCQARNIPSLTYNQLAVIYKLIWYQDGYEQPSEEDLRRIMSQPDENESQTDVSFRHITEITILTVQLIVEFAKGLPAFTKIPQEDQITLLKACSSEVMMLRMARRYDHSSDSIFFANNRSYTRDSYKMAGMADNIEDLLHFCRQMFSMKVDNVEYALLTAIVIFSDRPGLEKAQLVEAIQSYYIDTLRIYILNRHCGDSMSLVFYAKLLSILTELRTLGNQNAEMCFSLKLKNRKLPKFLEEIWDVHAIPPSVQSHLQITQEENERLERAERMRASVGGAITAGIDCDSASTSAAAAAAQHQPQPQPQPQPSSLTQNDSQHQTQPQLQPQLPPQLQGQLQPQLQPQLQTQLQPQIQPQPQLLPVSAPVPASVTAPGSLSAVSTSSEYMGGSAAIGPITPATTSSITAAVTASSTTSAVPMGNGVGVGVGVGGNVSMYANAQTAMALMGVALHSHQEQLIGGVAVKSEHSTTA"
"Ecdysone receptor (EcR)","FBgn0000546","FBpp0085353","EcR-PC","MDTCGLVAELAHYIDAYGRDDLSPSSSLNGYSANESCDAKKSKKGPAPRVQEELCLVCGDRASGYHYNALTCEGCKGFFRRSVTKSAVYCCKFGRACEMDMYMRRKCQECRLKKCLAVGMRPECVVPENQCAMKRREKKAQKEKDKMTTSPSSQHGGNGSLASGGGQDFVKKEILDLMTCEPPQHATIPLLPDEILAKCQARNIPSLTYNQLAVIYKLIWYQDGYEQPSEEDLRRIMSQPDENESQTDVSFRHITEITILTVQLIVEFAKGLPAFTKIPQEDQITLLKACSSEVMMLRMARRYDHSSDSIFFANNRSYTRDSYKMAGMADNIEDLLHFCRQMFSMKVDNVEYALLTAIVIFSDRPGLEKAQLVEAIQSYYIDTLRIYILNRHCGDSMSLVFYAKLLSILTELRTLGNQNAEMCFSLKLKNRKLPKFLEEIWDVHAIPPSVQSHLQITQEENERLERAERMRASVGGAITAGIDCDSASTSAAAAAAQHQPQPQPQPQPSSLTQNDSQHQTQPQLQPQLPPQLQGQLQPQLQPQLQTQLQPQIQPQPQLLPVSAPVPASVTAPGSLSAVSTSSEYMGGSAAIGPITPATTSSITAAVTASSTTSAVPMGNGVGVGVGVGGNVSMYANAQTAMALMGVALHSHQEQLIGGVAVKSEHSTTA"
"Ecdysone receptor (EcR)","FBgn0000546","FBpp0085350","EcR-PD","MLTTSGQQQSKQKLSTLPSHILLQQQLAASAGPSSSVSLSPSSSAALTLHVASANGGARETTSAAAVKDKLRPTPTAIKIEPMPDVISVGTVAGGSSVATVVAPAATTTSNKPNSTAAPSTSAAAANGHLVLVPNKRPRLDVTEDWMSTPSPGSVPSSAPPLSPSPGSQNHSYNMSNGYASPMSAGSYDPYSPTGKTGRDDLSPSSSLNGYSANESCDAKKSKKGPAPRVQEELCLVCGDRASGYHYNALTCEGCKGFFRRSVTKSAVYCCKFGRACEMDMYMRRKCQECRLKKCLAVGMRPECVVPENQCAMKRREKKAQKEKDKMTTSPSSQHGGNGSLASGGGQDFVKKEILDLMTCEPPQHATIPLLPDEILAKCQARNIPSLTYNQLAVIYKLIWYQDGYEQPSEEDLRRIMSQPDENESQTDVSFRHITEITILTVQLIVEFAKGLPAFTKIPQEDQITLLKACSSEVMMLRMARRYDHSSDSIFFANNRSYTRDSYKMAGMADNIEDLLHFCRQMFSMKVDNVEYALLTAIVIFSDRPGLEKAQLVEAIQSYYIDTLRIYILNRHCGDSMSLVFYAKLLSILTELRTLGNQNAEMCFSLKLKNRKLPKFLEEIWDVHAIPPSVQSHLQITQEENERLERAERMRASVGGAITAGIDCDSASTSAAAAAAQHQPQPQPQPQPSSLTQNDSQHQTQPQLQPQLPPQLQGQLQPQLQPQLQTQLQPQIQPQPQLLPVSAPVPASVTAPGSLSAVSTSSEYMGGSAAIGPITPATTSSITAAVTASSTTSAVPMGNGVGVGVGVGGNVSMYANAQTAMALMGVALHSHQEQLIGGVAVKSEHSTTA"
"Ecdysone receptor (EcR)","FBgn0000546","FBpp0085352","EcR-PB","MKRRWSNNGGFMRLPEESSSEVTSSSNGLVLPSGVNMSPSSLDSHDYCDQDLWLCGNESGSFGGSNGHGLSQQQQSVITLAMHGCSSTLPAQTTIIPINGNANGNGGSTNGQYVPGATNLGALANGMLNGGFNGMQQQIQNGHGLINSTTPSTPTTPLHLQQNLGGAGGGGIGGMGILHHANGTPNGLIGVVGGGGGVGLGVGGGGVGGLGMQHTPRSDSVNSISSGRDDLSPSSSLNGYSANESCDAKKSKKGPAPRVQEELCLVCGDRASGYHYNALTCEGCKGFFRRSVTKSAVYCCKFGRACEMDMYMRRKCQECRLKKCLAVGMRPECVVPENQCAMKRREKKAQKEKDKMTTSPSSQHGGNGSLASGGGQDFVKKEILDLMTCEPPQHATIPLLPDEILAKCQARNIPSLTYNQLAVIYKLIWYQDGYEQPSEEDLRRIMSQPDENESQTDVSFRHITEITILTVQLIVEFAKGLPAFTKIPQEDQITLLKACSSEVMMLRMARRYDHSSDSIFFANNRSYTRDSYKMAGMADNIEDLLHFCRQMFSMKVDNVEYALLTAIVIFSDRPGLEKAQLVEAIQSYYIDTLRIYILNRHCGDSMSLVFYAKLLSILTELRTLGNQNAEMCFSLKLKNRKLPKFLEEIWDVHAIPPSVQSHLQITQEENERLERAERMRASVGGAITAGIDCDSASTSAAAAAAQHQPQPQPQPQPSSLTQNDSQHQTQPQLQPQLPPQLQGQLQPQLQPQLQTQLQPQIQPQPQLLPVSAPVPASVTAPGSLSAVSTSSEYMGGSAAIGPITPATTSSITAAVTASSTTSAVPMGNGVGVGVGVGGNVSMYANAQTAMALMGVALHSHQEQLIGGVAVKSEHSTTA"
"Eclosion hormone (Eh)","FBgn0000564","FBpp0082885","Eh-PA","MNCKPLILCTFVAVAMCLVHFGNALPAISHYTHKRFDSMGGIDFVQVCLNNCVQCKTMLGDYFQGQTCALSCLKFKGKAIPDCEDIASIAPFLNALE"
"Eclosion hormone (Eh)","FBgn0000564","FBpp0306950","Eh-PB","MNCKPLILCTFVAVAMCLVHFGNALPAISHYTHKRFDSMGGIDFVQVCLNNCVQCKTMLGDYFQGQTCALSCLKFKGKAIPDCEDIASIAPFLNALE"
"Ecdysone-induced protein 74EF (Eip74EF)","FBgn0000567","FBpp0074967","Eip74EF-PB","MIMVQHLVAASAHNFASQAAASLVNVSSSSSSSSSSSSSSLSLSSSSSSSSLSSATPTPVASPVTPTSPPPAAAAPAEASPPAGAELQEDGQQAKTQEDPTMKDQDMLEKTRQEVKDPVNVEEPGAIVDTESVMARQSPSPVASTKVPESLEEISNKSPPVQEDEEESESVASDCREFKVLYNHLRQQQHHHSPSSPDKTRSTLDDVSKILWERKQQLQRSSVITAAPTLQPQQHQQPMSDIEDEETLEDVDDADADVEADAEDEELLEQYQNGYDSPLDLSLGGATSAAASAAAAASAVSRRRGRTYSGTESDDSAQCERARMRLKPERKAERSAAYKKSLMKRYYTEIPIVKQSTSPAPQQQLQQQHHLQQQQQQQPHNGSTFAGATALLHIKTEQNTLLTPLQLQQQQQQQQGLHGAAGNGGSSNGNNAHQQQQPLAIPQRPLLHNLLSGGAIHNPHHRNYTTATTGSFPPSPADSGVSDVDSSSSGGQPCADELKARLGMPPATSASAAAAAAAAAAAAAHLHTGTFLHPNLYQNNAANSLRNIWNRSVGVPDNYYGSSGAGSGGTQPGGPGNPQTPGYLTTSYFNAPTAATAAASQRGTTINGYHSLHQQQQQQQQSQQSQQQQQLAHQQLSHQQQQALHQQLSHQQQQQQQQQQQHPHSQLNGPHPHSHPHSHPHSHPHAGQHTHSTIAAAAAAAAASVVSSSSSAVAAAAMLSASAAAAATAAAAAGGSQSVIQPATSSVSYDLSYMLELGGFQQRKAKKPRKPKLEMGVKRRSREGSTTYLWEFLLKLLQDREYCPRFIKWTNREKGVFKLVDSKAVSRLWGMHKNKPDMNYETMGRALRYYYQRGILAKVDGQRLVYQFVDVPKDIIEIDCNGV"
"Ecdysone-induced protein 74EF (Eip74EF)","FBgn0000567","FBpp0074965","Eip74EF-PA","MPFIDDALLWCPDNDGRLVGGLDLGTCIADDSTANGTENLNPSIQSAGNPNNPQQSVGGEILGSVESAGNELNGAAARNVNVVVEPLCGGDSSDELFRSFSESNFEIESLLSDLATVEVKVENEENNNNVITDDDFASVAAAVVANDDLLAKENAQLSAQGLVDSVAASLADSGDAGGQQALLAFGSSSSAASAIAAAAAALCGDLINNNNNNSNSNNNSNGNGNHGGGGGGASSGGGVAGDCATKLEYALMGGQPLAEEPRFVTSAAANPLLVEKLMSKCLNIEKRMDKLSDTEIPIVKQSTSPAPQQQLQQQHHLQQQQQQQPHNGSTFAGATALLHIKTEQNTLLTPLQLQQQQQQQQGLHGAAGNGGSSNGNNAHQQQQPLAIPQRPLLHNLLSGGAIHNPHHRNYTTATTGSFPPSPADSGVSDVDSSSSGGQPCADELKARLGMPPATSASAAAAAAAAAAAAAHLHTGTFLHPNLYQNNAANSLRNIWNRSVGVPDNYYGSSGAGSGGTQPGGPGNPQTPGYLTTSYFNAPTAATAAASQRGTTINGYHSLHQQQQQQQQSQQSQQQQQLAHQQLSHQQQQALHQQLSHQQQQQQQQQQQHPHSQLNGPHPHSHPHSHPHSHPHAGQHTHSTIAAAAAAAAASVVSSSSSAVAAAAMLSASAAAAATAAAAAGGSQSVIQPATSSVSYDLSYMLELGGFQQRKAKKPRKPKLEMGVKRRSREGSTTYLWEFLLKLLQDREYCPRFIKWTNREKGVFKLVDSKAVSRLWGMHKNKPDMNYETMGRALRYYYQRGILAKVDGQRLVYQFVDVPKDIIEIDCNGV"
"Ecdysone-induced protein 74EF (Eip74EF)","FBgn0000567","FBpp0297063","Eip74EF-PE","MAVNSVCSAGFALSAMPFIDDALLWCPDNDGRLVGGLDLGTCIADDSTANGTENLNPSIQSAGNPNNPQQSVGGEILGSVESAGNELNGAAARNVNVVVEPLCGGDSSDELFRSFSESNFEIESLLSDLATVEVKVENEENNNNVITDDDFASVAAAVVANDDLLAKENAQLSAQGLVDSVAASLADSGDAGGQQALLAFGSSSSAASAIAAAAAALCGDLINNNNNNSNSNNNSNGNGNHGGGGGGASSGGGVAGDCATKLEYALMGGQPLAEEPRFVTSAAANPLLVEKLMSKCLNIEKRMDKLSDTEIPIVKQSTSPAPQQQLQQQHHLQQQQQQQPHNGSTFAGATALLHIKTEQNTLLTPLQLQQQQQQQQGLHGAAGNGGSSNGNNAHQQQQPLAIPQRPLLHNLLSGGAIHNPHHRNYTTATTGSFPPSPADSGVSDVDSSSSGGQPCADELKARLGMPPATSASAAAAAAAAAAAAAHLHTGTFLHPNLYQNNAANSLRNIWNRSVGVPDNYYGSSGAGSGGTQPGGPGNPQTPGYLTTSYFNAPTAATAAASQRGTTINGYHSLHQQQQQQQQSQQSQQQQQLAHQQLSHQQQQALHQQLSHQQQQQQQQQQQHPHSQLNGPHPHSHPHSHPHSHPHAGQHTHSTIAAAAAAAAASVVSSSSSAVAAAAMLSASAAAAATAAAAAGGSQSVIQPATSSVSYDLSYMLELGGFQQRKAKKPRKPKLEMGVKRRSREGSTTYLWEFLLKLLQDREYCPRFIKWTNREKGVFKLVDSKAVSRLWGMHKNKPDMNYETMGRALRYYYQRGILAKVDGQRLVYQFVDVPKDIIEIDCNGV"
"Ecdysone-induced protein 74EF (Eip74EF)","FBgn0000567","FBpp0074966","Eip74EF-PC","MDLGGIKIEQNFRDWQGYSGNGYTLAVNSVCSAGFALSAMPFIDDALLWCPDNDGRLVGGLDLGTCIADDSTANGTENLNPSIQSAGNPNNPQQSVGGEILGSVESAGNELNGAAARNVNVVVEPLCGGDSSDELFRSFSESNFEIESLLSDLATVEVKVENEENNNNVITDDDFASVAAAVVANDDLLAKENAQLSAQGLVDSVAASLADSGDAGGQQALLAFGSSSSAASAIAAAAAALCGDLINNNNNNSNSNNNSNGNGNHGGGGGGASSGGGVAGDCATKLEYALMGGQPLAEEPRFVTSAAANPLLVEKLMSKCLNIEKRMDKLSDTEIPIVKQSTSPAPQQQLQQQHHLQQQQQQQPHNGSTFAGATALLHIKTEQNTLLTPLQLQQQQQQQQGLHGAAGNGGSSNGNNAHQQQQPLAIPQRPLLHNLLSGGAIHNPHHRNYTTATTGSFPPSPADSGVSDVDSSSSGGQPCADELKARLGMPPATSASAAAAAAAAAAAAAHLHTGTFLHPNLYQNNAANSLRNIWNRSVGVPDNYYGSSGAGSGGTQPGGPGNPQTPGYLTTSYFNAPTAATAAASQRGTTINGYHSLHQQQQQQQQSQQSQQQQQLAHQQLSHQQQQALHQQLSHQQQQQQQQQQQHPHSQLNGPHPHSHPHSHPHSHPHAGQHTHSTIAAAAAAAAASVVSSSSSAVAAAAMLSASAAAAATAAAAAGGSQSVIQPATSSVSYDLSYMLELGGFQQRKAKKPRKPKLEMGVKRRSREGSTTYLWEFLLKLLQDREYCPRFIKWTNREKGVFKLVDSKAVSRLWGMHKNKPDMNYETMGRALRYYYQRGILAKVDGQRLVYQFVDVPKDIIEIDCNGV"
"Ecdysone-induced protein 74EF (Eip74EF)","FBgn0000567","FBpp0099825","Eip74EF-PD","MIMVQHLVAASAHNFASQAAASLVNVSSSSSSSSSSSSSSLSLSSSSSSSSLSSATPTPVASPVTPTSPPPAAAAPAEASPPAGAELQEDGQQAKTQEDPTMKDQDMLEKTRQEVKDPVNVEEPGAIVDTESVMARQSPSPVASTKVPESLEEISNKSPPVQEDEEESESVASDCREFKVLYNHLRQQQHHHSPSSPDKTRSTLDDVSKILWERKQQLQRSSVITAAPTLQPQQHQQPMSDIEDEETLEDVDDADADVEADAEDEELLEQYQNGYDSPLDLSLGGATSAAASAAAAASAVSRRRGRTYSGTESDDSAQCERARMRLKPERKAERSAAYKKSLMKRYYTEIPIVKQSTSPAPQQQLQQQHHLQQQQQQQPHNGSTFAGATALLHIKTEQNTLLTPLQLQQQQQQQQGLHGAAGNGGSSNGNNAHQQQQPLAIPQRPLLHNLLSGGAIHNPHHRNYTTATTGSFPPSPADSGVSDVDSSSSGGQPCADELKARLGMPPATSASAAAAAAAAAAAAAHLHTGTFLHPNLYQNNAANSLRNIWNRSVGVPDNYYGSSGAGSGGTQPGGPGNPQTPGYLTTSYFNAPTAATAAASQRGTTINGYHSLHQQQQQQQQSQQSQQQQQLAHQQLSHQQQQALHQQLSHQQQQQQQQQQQHPHSQLNGPHPHSHPHSHPHSHPHAGQHTHSTIAAAAAAAAASVVSSSSSAVAAAAMLSASAAAAATAAAAAGGSQSVIQPATSSVSYDLSYMLELGGFQQRKAKKPRKPKLEMGVKRRSREGSTTYLWEFLLKLLQDREYCPRFIKWTNREKGVFKLVDSKAVSRLWGMHKNKPDMNYETMGRALRYYYQRGILAKVDGQRLVYQFVDVPKDIIEIDCNGV"
"engrailed (en)","FBgn0000577","FBpp0087197","en-PB","MALEDRCSPQSAPSPITLQMQHLHHQQQQQQQQQQQMQHLHQLQQLQQLHQQQLAAGVFHHPAMAFDAAAAAAAAAAAAAAHAHAAALQQRLSGSGSPASCSTPASSTPLTIKEEESDSVIGDMSFHNQTHTTNEEEEAEEDDDIDVDVDDTSAGGRLPPPAHQQQSTAKPSLAFSISNILSDRFGDVQKPGKSMENQASIFRPFEASRSQTATPSAFTRVDLLEFSRQQQAAAAAATAAMMLERANFLNCFNPAAYPRIHEEIVQSRLRRSAANAVIPPPMSSKMSDANPEKSALGSLCKAVSQIGQPAAPTMTQPPLSSSASSLASPPPASNASTISSTSSVATSSSSSSSGCSSAASSLNSSPSSRLGASGSGVNASSPQPQPIPPPSAVSRDSGMESSDDTRSETGSTTTEGGKNEMWPAWVYCTRYSDRPSSGPRYRRPKQPKDKTNDEKRPRTAFSSEQLARLKREFNENRYLTERRRQQLSSELGLNEAQIKIWFQNKRAKIKKSTGSKNPLALQLMAQGLYNHTTVPLTKEEEELEMRMNGQIP"
"engrailed (en)","FBgn0000577","FBpp0087198","en-PA","MALEDRCSPQSAPSPITLQMQHLHHQQQQQQQQQQQMQHLHQLQQLQQLHQQQLAAGVFHHPAMAFDAAAAAAAAAAAAAAHAHAAALQQRLSGSGSPASCSTPASSTPLTIKEEESDSVIGDMSFHNQTHTTNEEEEAEEDDDIDVDVDDTSAGGRLPPPAHQQQSTAKPSLAFSISNILSDRFGDVQKPGKSMENQASIFRPFEASRSQTATPSAFTRVDLLEFSRQQQAAAAAATAAMMLERANFLNCFNPAAYPRIHEEIVQSRLRRSAANAVIPPPMSSKMSDANPEKSALGSLCKAVSQIGQPAAPTMTQPPLSSSASSLASPPPASNASTISSTSSVATSSSSSSSGCSSAASSLNSSPSSRLGASGSGVNASSPQPQPIPPPSAVSRDSGMESSDDTRSETGSTTTEGGKNEMWPAWVYCTRYSDRPSSGPRYRRPKQPKDKTNDEKRPRTAFSSEQLARLKREFNENRYLTERRRQQLSSELGLNEAQIKIWFQNKRAKIKKSTGSKNPLALQLMAQGLYNHTTVPLTKEEEELEMRMNGQIP"
"extradenticle (exd)","FBgn0000611","FBpp0305514","exd-PD","MEDPNRMLAHTGGMMAPQGYGLSGQDDGQNAGSENEVRKQKDIGEILQQIMSISEQSLDEAQARKHTLNCHRMKPALFSVLCEIKEKTVLSIRNTQEEEPPDPQLMRLDNMLIAEGVAGPEKGGGGAAAASAAAASQGGSLSIDGADNAIEHSDYRAKLAQIRQIYHQELEKYEQACNEFTTHVMNLLREQSRTRPITPKEIERMVQIIHKKFSSIQMQLKQSTCEAVMILRSRFLDARRKRRNFSKQASEILNEYFYSHLSNPYPSEEAKEELARKCGITVSQVSNWFGNKRIRYKKNIGKAQEEANLYAAKKAAGASPYSMAGPPSGTTTPMMSPAPPQDSMGYPMGSGGYDQQQPYDNSMGGYDPNLHQDLSP"
"extradenticle (exd)","FBgn0000611","FBpp0073940","exd-PA","MEDPNRMLAHTGGMMAPQGYGLSGQDDGQNAGSENEVRKQKDIGEILQQIMSISEQSLDEAQARKHTLNCHRMKPALFSVLCEIKEKTVLSIRNTQEEEPPDPQLMRLDNMLIAEGVAGPEKGGGGAAAASAAAASQGGSLSIDGADNAIEHSDYRAKLAQIRQIYHQELEKYEQACNEFTTHVMNLLREQSRTRPITPKEIERMVQIIHKKFSSIQMQLKQSTCEAVMILRSRFLDARRKRRNFSKQASEILNEYFYSHLSNPYPSEEAKEELARKCGITVSQVSNWFGNKRIRYKKNIGKAQEEANLYAAKKAAGASPYSMAGPPSGTTTPMMSPAPPQDSMGYPMGSGGYDQQQPYDNSMGGYDPNLHQDLSP"
"extradenticle (exd)","FBgn0000611","FBpp0073942","exd-PB","MEDPNRMLAHTGGMMAPQGYGLSGQDDGQNAGSENEVRKQKDIGEILQQIMSISEQSLDEAQARKHTLNCHRMKPALFSVLCEIKEKTVLSIRNTQEEEPPDPQLMRLDNMLIAEGVAGPEKGGGGAAAASAAAASQGGSLSIDGADNAIEHSDYRAKLAQIRQIYHQELEKYEQACNEFTTHVMNLLREQSRTRPITPKEIERMVQIIHKKFSSIQMQLKQSTCEAVMILRSRFLDARRKRRNFSKQASEILNEYFYSHLSNPYPSEEAKEELARKCGITVSQVSNWFGNKRIRYKKNIGKAQEEANLYAAKKAAGASPYSMAGPPSGTTTPMMSPAPPQDSMGYPMGSGGYDQQQPYDNSMGGYDPNLHQDLSP"
"extradenticle (exd)","FBgn0000611","FBpp0305515","exd-PE","MEDPNRMLAHTGGMMAPQGYGLSGQDDGQNAGSENEVRKQKDIGEILQQIMSISEQSLDEAQARKHTLNCHRMKPALFSVLCEIKEKTVLSIRNTQEEEPPDPQLMRLDNMLIAEGVAGPEKGGGGAAAASAAAASQGGSLSIDGADNAIEHSDYRAKLAQIRQIYHQELEKYEQACNEFTTHVMNLLREQSRTRPITPKEIERMVQIIHKKFSSIQMQLKQSTCEAVMILRSRFLDARRKRRNFSKQASEILNEYFYSHLSNPYPSEEAKEELARKCGITVSQVSNWFGNKRIRYKKNIGKAQEEANLYAAKKAAGASPYSMAGPPSGTTTPMMSPAPPQDSMGYPMGSGGYDQQQPYDNSMGGYDPNLHQDLSP"
"forkhead box sub-group O (foxo)","FBgn0038197","FBpp0293589","foxo-PF","MMDGYAQEWPRLTHTDNGLAMDQLGGDLPLDVGFEPQTRARSNTWPCPRPENFVEPTDELDSTKASNQQLAPGDSQQAIQNANAAKKNSSRRNAWGNLSYADLITHAIGSATDKRLTLSQIYEWMVQNVPYFKDKGDSNSSAGWKNSIRHNLSLHNRFMRVQNEGTGKSSWWMLNPEAKPGKSVRRRAASMETSRYEKRRGRAKKRVEALRQAGVVGLNDATPSPSSSVSEGLDHFPESPLHSGGGFQLSPDFRQRASSNASSCGRLSPIRAQDLEPDWGFPVDYQNTTMTQAHAQALEELTGTMADELTLCNQQQQGFSAASGLPSQPPPPPYQPPQHQQAQQQQQQQSPYALNGPASGYNTLQPQSQCLLHRSLNCSCMHNARDGLSPNSVTTTMSPAYPNSEPSSDSLNTYSNVVLDGPADTAALMVQQQQQQQQQQQLSASLEDNNCASTLIGQCLEVLNNEAQPIDEFNLENFPVGNLECNVEELLQQEMSYGGLLDINIPLATVNTNLVNSSSGPLSISNISNLSNISSNSGSSLSLNQLQAQLQQQQQQQQAQQQQQAQQQQQQHQQHQQQLLLNNNNNSSSSLELATQTATTNLNARVQYSQPSVVTSPPSWVH"
"forkhead box sub-group O (foxo)","FBgn0038197","FBpp0312334","foxo-PH","MMDGYAQEWPRLTHTDNGLAMDQLGGDLPLDVGFEPQTRARSNTWPCPRPENFVEPTDELDSTKASNQQLAPGDSQQAIQNANAAKKNSSRRNAWGNLSYADLITHAIGSATDKRLTLSQIYEWMVQNVPYFKDKGDSNSSAGWKNSIRHNLSLHNRFMRVQNEGTGKSSWWMLNPEAKPGKSVRRRAASMETSRYEKRRGRAKKRVEALRQAGVVGLNDATPSPSSSVSEGLDHFPESPLHSGGGFQLSPDFRQRASSNASSCGRLSPIRAQDLEPDWGFPVDYQNTTMTQAHAQALEELTGTMADELTLCNQQQQGSYGWSRFSAASGLPSQPPPPPYQPPQHQQAQQQQQQQSPYALNGPASGYNTLQPQSQCLLHRSLNCSCMHNARDGLSPNSVTTTMSPAYPNSEPSSDSLNTYSNVVLDGPADTAALMVQQQQQQQQQQQLSASLEGQCLEVLNNEAQPIDEFNLENFPVGNLECNVEELLQQEMSYGGLLDINIPLATVNTNLVNSSSGPLSISNISNLSNISSNSGSSLSLNQLQAQLQQQQQQQQAQQQQQAQQQQQQHQQHQQQLLLNNNNNSSSSLELATQTATTNLNARVQYSQPSVVTSPPSWVH"
"forkhead box sub-group O (foxo)","FBgn0038197","FBpp0089344","foxo-PC","MMDGYAQEWPRLTHTDNGLAMDQLGGDLPLDVGFEPQTRARSNTWPCPRPENFVEPTDELDSTKASNQQLAPGDSQQAIQNANAAKKNSSRRNAWGNLSYADLITHAIGSATDKRLTLSQIYEWMVQNVPYFKDKGDSNSSAGWKNSIRHNLSLHNRFMRVQNEGTGKSSWWMLNPEAKPGKSVRRRAASMETSRYEKRRGRAKKRVEALRQAGVVGLNDATPSPSSSVSEGLDHFPESPLHSGGGFQLSPDFRQRASSNASSCGRLSPIRAQDLEPDWGFPVDYQNTTMTQAHAQALEELTGTMADELTLCNQQQQGFSAASGLPSQPPPPPYQPPQHQQAQQQQQQQSPYALNGPASGYNTLQPQSQCLLHRSLNCSCMHNARDGLSPNSVTTTMSPAYPNSEPSSDSLNTYSNVVLDGPADTAALMVQQQQQQQQQQQLSASLEGQCLEVLNNEAQPIDEFNLENFPVGNLECNVEELLQQEMSYGGLLDINIPLATVNTNLVNSSSGPLSISNISNLSNISSNSGSSLSLNQLQAQLQQQQQQQQAQQQQQAQQQQQQHQQHQQQLLLNNNNNSSSSLELATQTATTNLNARVQYSQPSVVTSPPSWVH"
"forkhead box sub-group O (foxo)","FBgn0038197","FBpp0089343","foxo-PB","MMDGYAQEWPRLTHTDNGLAMDQLGGDLPLDVGFEPQTRARSNTWPCPRPENFVEPTDELDSTKASNQQLAPGDSQQAIQNANAAKKNSSRRNAWGNLSYADLITHAIGSATDKRLTLSQIYEWMVQNVPYFKDKGDSNSSAGWKNSIRHNLSLHNRFMRVQNEGTGKSSWWMLNPEAKPGKSVRRRAASMETSRYEKRRGRAKKRVEALRQAGVVGLNDATPSPSSSVSEGLDHFPESPLHSGGGFQLSPDFRQRASSNASSCGRLSPIRAQDLEPDWGFPVDYQNTTMTQAHAQALEELTGTMADELTLCNQQQQGFSAASGLPSQPPPPPYQPPQHQQAQQQQQQQSPYALNGPASGYNTLQPQSQCLLHRSLNCSCMHNARDGLSPNSVTTTMSPAYPNSEPSSDSLNTYSNVVLDGPADTAALMVQQQQQQQQQQQLSASLEGQCLEVLNNEAQPIDEFNLENFPVGNLECNVEELLQQEMSYGGLLDINIPLATVNTNLVNSSSGPLSISNISNLSNISSNSGSSLSLNQLQAQLQQQQQQQQAQQQQQAQQQQQQHQQHQQQLLLNNNNNSSSSLELATQTATTNLNARVQYSQPSVVTSPPSWVH"
"forkhead box sub-group O (foxo)","FBgn0038197","FBpp0308010","foxo-PG","MMDGYAQEWPRLTHTDNGLAMDQLGGDLPLDVGFEPQTRARSNTWPCPRPENFVEPTDELDSTKASNQQLAPGDSQQAIQNANAAKKNSSRRNAWGNLSYADLITHAIGSATDKRLTLSQIYEWMVQNVPYFKDKGDSNSSAGWKNSIRHNLSLHNRFMRVQNEGTGKSSWWMLNPEAKPGKSVRRRAASMETSRYEKRRGRAKKRVEALRQAGVVGLNDATPSPSSSVSEGLDHFPESPLHSGGGFQLSPDFRQRASSNASSCGRLSPIRAQDLEPDWGFPVDYQNTTMTQAHAQALEELTGTMADELTLCNQQQQGFSAASGLPSQPPPPPYQPPQHQQAQQQQQQQSPYALNGPASGYNTLQPQSQCLLHRSLNCSCMHNARDGLSPNSVTTTMSPAYPNSEPSSDSLNTYSNVVLDGPADTAALMVQQQQQQQQQQQLSASLEDNNCASTLIGQCLEVLNNEAQPIDEFNLENFPVGNLECNVEELLQQEMSYGGLLDINIPLATVNTNLVNSSSGPLSISNISNLSNISSNSGSSLSLNQLQAQLQQQQQQQQAQQQQQAQQQQQQHQQHQQQLLLNNNNNSSSSLELATQTATTNLNARVQYSQPSVVTSPPSWVH"
"ftz transcription factor 1 (ftz-f1)","FBgn0001078","FBpp0312453","ftz-f1-PD","MLLEMDQQQATVQFISSLNISPFSMQLEQQQQPSSPALAAGGNSSNNAASGSNNNSASGNNTSSSSNNNNNNNNDNDAHVLTKFEHEYNAYTLQLAGGGGSGSGNQQHHSNHSNHGNHHQQQQQQQQQQQQHQQQQQEHYQQQQQQNIANNANQFNSSSYSYIYNFDSQYIFPTGYQDTTSSHSQQSGGGGGGGGGNLLNGSSGGSSAGGGYMLLPQAASSSGNNGNPNAGHMSSGSVGNGSGGAGNGGAGGNSGPGNPMGGTSATPGHGGEVIDFKHLFEELCPVCGDKVSGYHYGLLTCESCKGFFKRTVQNKKVYTCVAERSCHIDKTQRKRCPYCRFQKCLEVGMKLEAVRADRMRGGRNKFGPMYKRDRARKLQVMRQRQLALQALRNSMGPDIKPTPISPGYQQAYPNMNIKQEIQIPQVSSLTQSPDSSPSPIAIALGQVNASTGGVIATPMNAGTGGSGGGGLNGPSSVGNGNSSNGSSNGNNNSSTGNGTSGGGGGNNAGGGGGGTNSNDGLHRNGGNGNSSCHEAGIGSLQNTADSKLWYLAQKPEQNSMNIRTQTKLNDKRTSTNIEKKLSLHKHICGKGFNLIMQQVFDSGTHPSSTADALIEPLRVSPMIREFVQSIDDREWQTQLFALLQKQTYNQVEVDLFELMCKVLDQNLFSQVDWARNTVFFKDLKVDDQMKLLQHSWSDMLVLDHLHHRIHNGLPDETQLNNGQVFNLMSLGLLGVPQLGDYFNELQNKLQDLKFDMGDYVCMKFLILLNPSVRGIVNRKTVSEGHDNVQAALLDYTLTCYPSVNDKFRGLVNILPEIHAMAVRGEDHLYTKHCAGSAPTQTLLMEMLHAKRKG"
"ftz transcription factor 1 (ftz-f1)","FBgn0001078","FBpp0074854","ftz-f1-PA","MLLEMDQQQATVQFISSLNISPFSMQLEQQQQPSSPALAAGGNSSNNAASGSNNNSASGNNTSSSSNNNNNNNNDNDAHVLTKFEHEYNAYTLQLAGGGGSGSGNQQHHSNHSNHGNHHQQQQQQQQQQQQHQQQQQEHYQQQQQQNIANNANQFNSSSYSYIYNFDSQYIFPTGYQDTTSSHSQQSGGGGGGGGGNLLNGSSGGSSAGGGYMLLPQAASSSGNNGNPNAGHMSSGSVGNGSGGAGNGGAGGNSGPGNPMGGTSATPGHGGEVIDFKHLFEELCPVCGDKVSGYHYGLLTCESCKGFFKRTVQNKKVYTCVAERSCHIDKTQRKRCPYCRFQKCLEVGMKLEAVRADRMRGGRNKFGPMYKRDRARKLQVMRQRQLALQALRNSMGPDIKPTPISPGYQQAYPNMNIKQEIQIPQVSSLTQSPDSSPSPIAIALGQVNASTGGVIATPMNAGTGGSGGGGLNGPSSVGNGNSSNGSSNGNNNSSTGNGTSGGGGGNNAGGGGGGTNSNDGLHRNGGNGNSSCHEAGIGSLQNTADSKLCFDSGTHPSSTADALIEPLRVSPMIREFVQSIDDREWQTQLFALLQKQTYNQVEVDLFELMCKVLDQNLFSQVDWARNTVFFKDLKVDDQMKLLQHSWSDMLVLDHLHHRIHNGLPDETQLNNGQVFNLMSLGLLGVPQLGDYFNELQNKLQDLKFDMGDYVCMKFLILLNPSVRGIVNRKTVSEGHDNVQAALLDYTLTCYPSVNDKFRGLVNILPEIHAMAVRGEDHLYTKHCAGSAPTQTLLMEMLHAKRKG"
"ftz transcription factor 1 (ftz-f1)","FBgn0001078","FBpp0293169","ftz-f1-PC","MLLEMDQQQATVQFISSLNISPFSMQLEQQQQPSSPALAAGGNSSNNAASGSNNNSASGNNTSSSSNNNNNNNNDNDAHVLTKFEHEYNAYTLQLAGGGGSGSGNQQHHSNHSNHGNHHQQQQQQQQQQQQHQQQQQEHYQQQQQQNIANNANQFNSSSYSYIYNFDSQYIFPTGYQDTTSSHSQQSGGGGGGGGGNLLNGSSGGSSAGGGYMLLPQAASSSGNNGNPNAGHMSSGSVGNGSGGAGNGGAGGNSGPGNPMGGTSATPGHGGEVIDFKHLFEELCPVCGDKVSGYHYGLLTCESCKGFFKRTVQNKKVYTCVAERSCHIDKTQRKRCPYCRFQKCLEVGMKLEAVRADRMRGGRNKFGPMYKRDRARKLQVMRQRQLALQALRNSMGPDIKPTPISPGYQQAYPNMNIKQEIQIPQVSSLTQSPDSSPSPIAIALGQVNASTGGVIATPMNAGTGGSGGGGLNGPSSVGNGNSSNGSSNGNNNSSTGNGTSGGGGGNNAGGGGGGTNSNDGLHRNGGNGNSSCHEAGIGSLQNTADSKLCFDSGTHPSSTADALIEPLRVSPMIREFVQSIDDREWQTQLFALLQKQTYNQVEVDLFELMCKVLDQNLFSQVDWARNTVFFKDLKVDDQMKLLQHSWSDMLVLDHLHHRIHNGLPDETQLNNGQVFNLMSLGLLGVPQLGDYFNELQNKLQDLKFDMGDYVCMKFLILLNPSVRGIVNRKTVSEGHDNVQAALLDYTLTCYPSVNDKFRGLVNILPEIHAMAVRGEDHLYTKHCAGSAPTQTLLMEMLHAKRKG"
"ftz transcription factor 1 (ftz-f1)","FBgn0001078","FBpp0074853","ftz-f1-PB","MDTFNVPMLAESSNTNYATEATSNHHHLQHQHQQQHSHQQQQQQQLLMPHHHKDQMLAAGSSPMLPFYSHLQLQQKDATATIGPAAAAAAVEAATTSANADNFSSLQTIDASQLDGGISLSGLCDRFFVASPNPHSNSNMTLMGTATAATTTTTNNNNNNNTNNNNNNNVEAKTVRPSNGNSVIIESVTMPSFANILFPTHRSANECIDPALLQKNPQNPNGNNSSIIVPPVEYHQLKPLEVNSSTSVSTSNFLSSTTAQLLDFEVQVGKDDGHISTTTTTGPGSGSASGSGSGSGSGSGSIARTIGTATPTTTTSMSNTANPTRSSLHSIEELAASSCAPRAASPNSNHTSSASTTPQQQQQQQHHMQSGNHSGSNLSSDDESMSEDEFGLEIDDNGGYQDTTSSHSQQSGGGGGGGGGNLLNGSSGGSSAGGGYMLLPQAASSSGNNGNPNAGHMSSGSVGNGSGGAGNGGAGGNSGPGNPMGGTSATPGHGGEVIDFKHLFEELCPVCGDKVSGYHYGLLTCESCKGFFKRTVQNKKVYTCVAERSCHIDKTQRKRCPYCRFQKCLEVGMKLEAVRADRMRGGRNKFGPMYKRDRARKLQVMRQRQLALQALRNSMGPDIKPTPISPGYQQAYPNMNIKQEIQIPQVSSLTQSPDSSPSPIAIALGQVNASTGGVIATPMNAGTGGSGGGGLNGPSSVGNGNSSNGSSNGNNNSSTGNGTSGGGGGNNAGGGGGGTNSNDGLHRNGGNGNSSCHEAGIGSLQNTADSKLCFDSGTHPSSTADALIEPLRVSPMIREFVQSIDDREWQTQLFALLQKQTYNQVEVDLFELMCKVLDQNLFSQVDWARNTVFFKDLKVDDQMKLLQHSWSDMLVLDHLHHRIHNGLPDETQLNNGQVFNLMSLGLLGVPQLGDYFNELQNKLQDLKFDMGDYVCMKFLILLNPSVRGIVNRKTVSEGHDNVQAALLDYTLTCYPSVNDKFRGLVNILPEIHAMAVRGEDHLYTKHCAGSAPTQTLLMEMLHAKRKG"
"Insulin-like receptor (InR)","FBgn0283499","FBpp0288671","InR-PD","MFNMPRGVTKSKSKRGKIKMENDMAAAATTTACTLGHICVLCRQEMLLDTCCCRQAVEAVDSPASSEEAYSSSNSSSCQASSEISAEEVWFLSHDDIVLCRRPKFDEVETTGKKRDVKCSGHQCSNECDDGSTKNNRQQRENFNIFSNCHNILRTLQSLLLLMFNCGIFNKRRRRQHQQQHHHHYQHHHQQHHQQHHQRQQANVSYTKFLLLLQTLAAATTRLSLSPKNYKQQQQLQHNQQLPRATPQQKQQEKDRHKCFHYKHNYSYSPGISLLLFILLANTLAIQAVVLPAHQQHLLHNDIADGLDKTALSVSGTQSRWTRSESNPTMRLSQNVKPCKSMDIRNMVSHFNQLENCTVIEGFLLIDLINDASPLNRSFPKLTEVTDYIIIYRVTGLHSLSKIFPNLSVIRGNKLFDGYALVVYSNFDLMDLGLHKLRSITRGGVRIEKNHKLCYDRTIDWLEILAENETQLVVLTENGKEKECRLSKCPGEIRIEEGHDTTAIEGELNASCQLHNNRRLCWNSKLCQTKCPEKCRNNCIDEHTCCSQDCLGGCVIDKNGNESCISCRNVSFNNICMDSCPKGYYQFDSRCVTANECITLTKFETNSVYSGIPYNGQCITHCPTGYQKSENKRMCEPCPGGKCDKECSSGLIDSLERAREFHGCTIITGTEPLTISIKRESGAHVMDELKYGLAAVHKIQSSLMVHLTYGLKSLKFFQSLTEISGDPPMDADKYALYVLDNRDLDELWGPNQTVFIRKGGVFFHFNPKLCVSTINQLLPMLASKPKFFEKSDVGADSNGNRGSCGTAVLNVTLQSVGANSAMLNVTTKVEIGEPQKPSNATIVFKDPRAFIGFVFYHMIDPYGNSTKSSDDPCDDRWKVSSPEKSGVMVLSNLIPYTNYSYYVRTMAISSELTNAESDVKNFRTNPGRPSKVTEVVATAISDSKINVTWSYLDKPYGVLTRYFIKAKLINRPTRNNNRDYCTEPLVKAMENDLPATTPTKKISDPLAGDCKCVEGSKKTSSQEYDDRKVQAGMEFENALQNFIFVPNIRKSKNGSSDKSDGAEGAALDSNAIPNGGATNPSRRRRDVALEPELDDVEGSVLLRHVRSITDDTDAFFEKDDENTYKDEEDLSSNKQFYEVFAKELPPNQTHFVFEKLRHFTRYAIFVVACREEIPSEKLRDTSFKKSLCSDYDTVFQTTKRKKFADIVMDLKVDLEHANNTESPVRVRWTPPVDPNGEIVTYEVAYKLQKPDQVEEKKCIPAADFNQTAGYLIKLNEGLYSFRVRANSIAGYGDFTEVEHIKVEPPPSYAKVFFWLLGIGLAFLIVSLFGYVCYLHKRKVPSNDLHMNTEVNPFYASMQYIPDDWEVLRENIIQLAPLGQGSFGMVYEGILKSFPPNGVDRECAIKTVNENATDRERTNFLSEASVMKEFDTYHVVRLLGVCSRGQPALVVMELMKKGDLKSYLRAHRPEERDEAMMTYLNRIGVTGNVQPPTYGRIYQMAIEIADGMAYLAAKKFVHRDLAARNCMVADDLTVKIGDFGMTRDIYETDYYRKGTKGLLPVRWMPPESLRDGVYSSASDVFSFGVVLWEMATLAAQPYQGLSNEQVLRYVIDGGVMERPENCPDFLHKLMQRCWHHRSSARPSFLDIIAYLEPQCPNSQFKEVSFYHSEAGLQHREKERKERNQLDAFAAVPLDQDLQDREQQEDATTPLRMGDYQQNSSLDQPPESPIAMVDDQGSHLPFSLPSGFIASSTPDGQTVMATAFQNIPAAQGDISATYVVPDADALDGDRGYEIYDPSPKCAELPTSRSGSTGGGKLSGEQHLLPRKGRQPTIMSSSMPDDVIGGSSLQPSTASAGSSNASSHTGRPSLKKTVADSVRNKANFINRHLFNHKRTGSNASHKSNASNAPSTSSNTNLTSHPVAMGNLGTIESGGSGSAGSYTGTPRFYTPSATPGGGSGMAISDNPNYRLLDESIASEQATILTTSSPNPNYEMMHPPTSLVSTNPNYMPMNETPVQMAGVTISHNPNYQPMQAPLNARQSQSSSDEDNEQEEDDEDEDDDVDDEHVEHIKMERMPLSRPRQRALPSKTQPPRSRSVSQTRKSPTNPNSGIGATGAGNRSNLLKENWLRPASTPRPPPPNGFIGREA"
"Insulin-like receptor (InR)","FBgn0283499","FBpp0288669","InR-PB","MFNMPRGVTKSKSKRGKIKMENDMAAAATTTACTLGHICVLCRQEMLLDTCCCRQAVEAVDSPASSEEAYSSSNSSSCQASSEISAEEVWFLSHDDIVLCRRPKFDEVETTGKKRDVKCSGHQCSNECDDGSTKNNRQQRENFNIFSNCHNILRTLQSLLLLMFNCGIFNKRRRRQHQQQHHHHYQHHHQQHHQQHHQRQQANVSYTKFLLLLQTLAAATTRLSLSPKNYKQQQQLQHNQQLPRATPQQKQQEKDRHKCFHYKHNYSYSPGISLLLFILLANTLAIQAVVLPAHQQHLLHNDIADGLDKTALSVSGTQSRWTRSESNPTMRLSQNVKPCKSMDIRNMVSHFNQLENCTVIEGFLLIDLINDASPLNRSFPKLTEVTDYIIIYRVTGLHSLSKIFPNLSVIRGNKLFDGYALVVYSNFDLMDLGLHKLRSITRGGVRIEKNHKLCYDRTIDWLEILAENETQLVVLTENGKEKECRLSKCPGEIRIEEGHDTTAIEGELNASCQLHNNRRLCWNSKLCQTKCPEKCRNNCIDEHTCCSQDCLGGCVIDKNGNESCISCRNVSFNNICMDSCPKGYYQFDSRCVTANECITLTKFETNSVYSGIPYNGQCITHCPTGYQKSENKRMCEPCPGGKCDKECSSGLIDSLERAREFHGCTIITGTEPLTISIKRESGAHVMDELKYGLAAVHKIQSSLMVHLTYGLKSLKFFQSLTEISGDPPMDADKYALYVLDNRDLDELWGPNQTVFIRKGGVFFHFNPKLCVSTINQLLPMLASKPKFFEKSDVGADSNGNRGSCGTAVLNVTLQSVGANSAMLNVTTKVEIGEPQKPSNATIVFKDPRAFIGFVFYHMIDPYGNSTKSSDDPCDDRWKVSSPEKSGVMVLSNLIPYTNYSYYVRTMAISSELTNAESDVKNFRTNPGRPSKVTEVVATAISDSKINVTWSYLDKPYGVLTRYFIKAKLINRPTRNNNRDYCTEPLVKAMENDLPATTPTKKISDPLAGDCKCVEGSKKTSSQEYDDRKVQAGMEFENALQNFIFVPNIRKSKNGSSDKSDGAEGAALDSNAIPNGGATNPSRRRRDVALEPELDDVEGSVLLRHVRSITDDTDAFFEKDDENTYKDEEDLSSNKQFYEVFAKELPPNQTHFVFEKLRHFTRYAIFVVACREEIPSEKLRDTSFKKSLCSDYDTVFQTTKRKKFADIVMDLKVDLEHANNTESPVRVRWTPPVDPNGEIVTYEVAYKLQKPDQVEEKKCIPAADFNQTAGYLIKLNEGLYSFRVRANSIAGYGDFTEVEHIKVEPPPSYAKVFFWLLGIGLAFLIVSLFGYVCYLHKRKVPSNDLHMNTEVNPFYASMQYIPDDWEVLRENIIQLAPLGQGSFGMVYEGILKSFPPNGVDRECAIKTVNENATDRERTNFLSEASVMKEFDTYHVVRLLGVCSRGQPALVVMELMKKGDLKSYLRAHRPEERDEAMMTYLNRIGVTGNVQPPTYGRIYQMAIEIADGMAYLAAKKFVHRDLAARNCMVADDLTVKIGDFGMTRDIYETDYYRKGTKGLLPVRWMPPESLRDGVYSSASDVFSFGVVLWEMATLAAQPYQGLSNEQVLRYVIDGGVMERPENCPDFLHKLMQRCWHHRSSARPSFLDIIAYLEPQCPNSQFKEVSFYHSEAGLQHREKERKERNQLDAFAAVPLDQDLQDREQQEDATTPLRMGDYQQNSSLDQPPESPIAMVDDQGSHLPFSLPSGFIASSTPDGQTVMATAFQNIPAAQGDISATYVVPDADALDGDRGYEIYDPSPKCAELPTSRSGSTGGGKLSGEQHLLPRKGRQPTIMSSSMPDDVIGGSSLQPSTASAGSSNASSHTGRPSLKKTVADSVRNKANFINRHLFNHKRTGSNASHKSNASNAPSTSSNTNLTSHPVAMGNLGTIESGGSGSAGSYTGTPRFYTPSATPGGGSGMAISDNPNYRLLDESIASEQATILTTSSPNPNYEMMHPPTSLVSTNPNYMPMNETPVQMAGVTISHNPNYQPMQAPLNARQSQSSSDEDNEQEEDDEDEDDDVDDEHVEHIKMERMPLSRPRQRALPSKTQPPRSRSVSQTRKSPTNPNSGIGATGAGNRSNLLKENWLRPASTPRPPPPNGFIGREA"
"Insulin-like receptor (InR)","FBgn0283499","FBpp0083519","InR-PA","MFNMPRGVTKSKSKRGKIKMENDMAAAATTTACTLGHICVLCRQEMLLDTCCCRQAVEAVDSPASSEEAYSSSNSSSCQASSEISAEEVWFLSHDDIVLCRRPKFDEVETTGKKRDVKCSGHQCSNECDDGSTKNNRQQRENFNIFSNCHNILRTLQSLLLLMFNCGIFNKRRRRQHQQQHHHHYQHHHQQHHQQHHQRQQANVSYTKFLLLLQTLAAATTRLSLSPKNYKQQQQLQHNQQLPRATPQQKQQEKDRHKCFHYKHNYSYSPGISLLLFILLANTLAIQAVVLPAHQQHLLHNDIADGLDKTALSVSGTQSRWTRSESNPTMRLSQNVKPCKSMDIRNMVSHFNQLENCTVIEGFLLIDLINDASPLNRSFPKLTEVTDYIIIYRVTGLHSLSKIFPNLSVIRGNKLFDGYALVVYSNFDLMDLGLHKLRSITRGGVRIEKNHKLCYDRTIDWLEILAENETQLVVLTENGKEKECRLSKCPGEIRIEEGHDTTAIEGELNASCQLHNNRRLCWNSKLCQTKCPEKCRNNCIDEHTCCSQDCLGGCVIDKNGNESCISCRNVSFNNICMDSCPKGYYQFDSRCVTANECITLTKFETNSVYSGIPYNGQCITHCPTGYQKSENKRMCEPCPGGKCDKECSSGLIDSLERAREFHGCTIITGTEPLTISIKRESGAHVMDELKYGLAAVHKIQSSLMVHLTYGLKSLKFFQSLTEISGDPPMDADKYALYVLDNRDLDELWGPNQTVFIRKGGVFFHFNPKLCVSTINQLLPMLASKPKFFEKSDVGADSNGNRGSCGTAVLNVTLQSVGANSAMLNVTTKVEIGEPQKPSNATIVFKDPRAFIGFVFYHMIDPYGNSTKSSDDPCDDRWKVSSPEKSGVMVLSNLIPYTNYSYYVRTMAISSELTNAESDVKNFRTNPGRPSKVTEVVATAISDSKINVTWSYLDKPYGVLTRYFIKAKLINRPTRNNNRDYCTEPLVKAMENDLPATTPTKKISDPLAGDCKCVEGSKKTSSQEYDDRKVQAGMEFENALQNFIFVPNIRKSKNGSSDKSDGAEGAALDSNAIPNGGATNPSRRRRDVALEPELDDVEGSVLLRHVRSITDDTDAFFEKDDENTYKDEEDLSSNKQFYEVFAKELPPNQTHFVFEKLRHFTRYAIFVVACREEIPSEKLRDTSFKKSLCSDYDTVFQTTKRKKFADIVMDLKVDLEHANNTESPVRVRWTPPVDPNGEIVTYEVAYKLQKPDQVEEKKCIPAADFNQTAGYLIKLNEGLYSFRVRANSIAGYGDFTEVEHIKVEPPPSYAKVFFWLLGIGLAFLIVSLFGYVCYLHKRKVPSNDLHMNTEVNPFYASMQYIPDDWEVLRENIIQLAPLGQGSFGMVYEGILKSFPPNGVDRECAIKTVNENATDRERTNFLSEASVMKEFDTYHVVRLLGVCSRGQPALVVMELMKKGDLKSYLRAHRPEERDEAMMTYLNRIGVTGNVQPPTYGRIYQMAIEIADGMAYLAAKKFVHRDLAARNCMVADDLTVKIGDFGMTRDIYETDYYRKGTKGLLPVRWMPPESLRDGVYSSASDVFSFGVVLWEMATLAAQPYQGLSNEQVLRYVIDGGVMERPENCPDFLHKLMQRCWHHRSSARPSFLDIIAYLEPQCPNSQFKEVSFYHSEAGLQHREKERKERNQLDAFAAVPLDQDLQDREQQEDATTPLRMGDYQQNSSLDQPPESPIAMVDDQGSHLPFSLPSGFIASSTPDGQTVMATAFQNIPAAQGDISATYVVPDADALDGDRGYEIYDPSPKCAELPTSRSGSTGGGKLSGEQHLLPRKGRQPTIMSSSMPDDVIGGSSLQPSTASAGSSNASSHTGRPSLKKTVADSVRNKANFINRHLFNHKRTGSNASHKSNASNAPSTSSNTNLTSHPVAMGNLGTIESGGSGSAGSYTGTPRFYTPSATPGGGSGMAISDNPNYRLLDESIASEQATILTTSSPNPNYEMMHPPTSLVSTNPNYMPMNETPVQMAGVTISHNPNYQPMQAPLNARQSQSSSDEDNEQEEDDEDEDDDVDDEHVEHIKMERMPLSRPRQRALPSKTQPPRSRSVSQTRKSPTNPNSGIGATGAGNRSNLLKENWLRPASTPRPPPPNGFIGREA"
"Insulin-like receptor (InR)","FBgn0283499","FBpp0288670","InR-PC","MFNMPRGVTKSKSKRGKIKMENDMAAAATTTACTLGHICVLCRQEMLLDTCCCRQAVEAVDSPASSEEAYSSSNSSSCQASSEISAEEVWFLSHDDIVLCRRPKFDEVETTGKKRDVKCSGHQCSNECDDGSTKNNRQQRENFNIFSNCHNILRTLQSLLLLMFNCGIFNKRRRRQHQQQHHHHYQHHHQQHHQQHHQRQQANVSYTKFLLLLQTLAAATTRLSLSPKNYKQQQQLQHNQQLPRATPQQKQQEKDRHKCFHYKHNYSYSPGISLLLFILLANTLAIQAVVLPAHQQHLLHNDIADGLDKTALSVSGTQSRWTRSESNPTMRLSQNVKPCKSMDIRNMVSHFNQLENCTVIEGFLLIDLINDASPLNRSFPKLTEVTDYIIIYRVTGLHSLSKIFPNLSVIRGNKLFDGYALVVYSNFDLMDLGLHKLRSITRGGVRIEKNHKLCYDRTIDWLEILAENETQLVVLTENGKEKECRLSKCPGEIRIEEGHDTTAIEGELNASCQLHNNRRLCWNSKLCQTKCPEKCRNNCIDEHTCCSQDCLGGCVIDKNGNESCISCRNVSFNNICMDSCPKGYYQFDSRCVTANECITLTKFETNSVYSGIPYNGQCITHCPTGYQKSENKRMCEPCPGGKCDKECSSGLIDSLERAREFHGCTIITGTEPLTISIKRESGAHVMDELKYGLAAVHKIQSSLMVHLTYGLKSLKFFQSLTEISGDPPMDADKYALYVLDNRDLDELWGPNQTVFIRKGGVFFHFNPKLCVSTINQLLPMLASKPKFFEKSDVGADSNGNRGSCGTAVLNVTLQSVGANSAMLNVTTKVEIGEPQKPSNATIVFKDPRAFIGFVFYHMIDPYGNSTKSSDDPCDDRWKVSSPEKSGVMVLSNLIPYTNYSYYVRTMAISSELTNAESDVKNFRTNPGRPSKVTEVVATAISDSKINVTWSYLDKPYGVLTRYFIKAKLINRPTRNNNRDYCTEPLVKAMENDLPATTPTKKISDPLAGDCKCVEGSKKTSSQEYDDRKVQAGMEFENALQNFIFVPNIRKSKNGSSDKSDGAEGAALDSNAIPNGGATNPSRRRRDVALEPELDDVEGSVLLRHVRSITDDTDAFFEKDDENTYKDEEDLSSNKQFYEVFAKELPPNQTHFVFEKLRHFTRYAIFVVACREEIPSEKLRDTSFKKSLCSDYDTVFQTTKRKKFADIVMDLKVDLEHANNTESPVRVRWTPPVDPNGEIVTYEVAYKLQKPDQVEEKKCIPAADFNQTAGYLIKLNEGLYSFRVRANSIAGYGDFTEVEHIKVEPPPSYAKVFFWLLGIGLAFLIVSLFGYVCYLHKRKVPSNDLHMNTEVNPFYASMQYIPDDWEVLRENIIQLAPLGQGSFGMVYEGILKSFPPNGVDRECAIKTVNENATDRERTNFLSEASVMKEFDTYHVVRLLGVCSRGQPALVVMELMKKGDLKSYLRAHRPEERDEAMMTYLNRIGVTGNVQPPTYGRIYQMAIEIADGMAYLAAKKFVHRDLAARNCMVADDLTVKIGDFGMTRDIYETDYYRKGTKGLLPVRWMPPESLRDGVYSSASDVFSFGVVLWEMATLAAQPYQGLSNEQVLRYVIDGGVMERPENCPDFLHKLMQRCWHHRSSARPSFLDIIAYLEPQCPNSQFKEVSFYHSEAGLQHREKERKERNQLDAFAAVPLDQDLQDREQQEDATTPLRMGDYQQNSSLDQPPESPIAMVDDQGSHLPFSLPSGFIASSTPDGQTVMATAFQNIPAAQGDISATYVVPDADALDGDRGYEIYDPSPKCAELPTSRSGSTGGGKLSGEQHLLPRKGRQPTIMSSSMPDDVIGGSSLQPSTASAGSSNASSHTGRPSLKKTVADSVRNKANFINRHLFNHKRTGSNASHKSNASNAPSTSSNTNLTSHPVAMGNLGTIESGGSGSAGSYTGTPRFYTPSATPGGGSGMAISDNPNYRLLDESIASEQATILTTSSPNPNYEMMHPPTSLVSTNPNYMPMNETPVQMAGVTISHNPNYQPMQAPLNARQSQSSSDEDNEQEEDDEDEDDDVDDEHVEHIKMERMPLSRPRQRALPSKTQPPRSRSVSQTRKSPTNPNSGIGATGAGNRSNLLKENWLRPASTPRPPPPNGFIGREA"
"Imitation SWI (Iswi)","FBgn0011604","FBpp0086954","Iswi-PA","MSKTDTAAVEATEENSNETTSDAATSSSGEKEAEFDNKIEADRSRRFDFLLKQTEIFTHFMTNSAKSPTKPKGRPKKIKDKDKEKDVADHRHRKTEQEEDEELLAEDSATKEIFRFDASPAYIKSGEMRDYQIRGLNWMISLYENGINGILADEMGLGKTLQTISLLGYLKHFKNQAGPHIVIVPKSTLQNWVNEFKKWCPSLRAVCLIGDQDTRNTFIRDVLMPGEWDVCVTSYEMCIREKSVFKKFNWRYLVIDEAHRIKNEKSKLSEILREFKTANRLLITGTPLQNNLHELWALLNFLLPDVFNSSEDFDEWFNTNTCLGDDALITRLHAVLKPFLLRRLKAEVEKRLKPKKEMKIFVGLSKMQRDWYTKVLLKDIDVVNGAGKVEKMRLQNILMQLRKCTNHPYLFDGAEPGPPYTTDTHLVYNSGKMAILDKLLPKLQEQGSRVLIFSQMTRMLDILEDYCHWRNYNYCRLDGQTPHEDRNRQIQEFNMDNSAKFLFMLSTRAGGLGINLATADVVIIYDSDWNPQMDLQAMDRAHRIGQKKQVRVFRLITESTVEEKIVERAEVKLRLDKMVIQGGRLVDNRSNQLNKDEMLNIIRFGANQVFSSKETDITDEDIDVILERGEAKTAEQKAALDSLGESSLRTFTMDTNGEAGTSSVYQFEGEDWREKQKLNALGNWIEPPKRERKANYAVDAYFREALRVSEPKAPKAPRPPKQPIVQDFQFFPPRLFELLDQEIYYFRKTVGYKVPKNTELGSDATKVQREEQRKIDEAEPLTEEEIQEKENLLSQGFTAWTKRDFNQFIKANEKYGRDDIDNIAKDVEGKTPEEVIEYNAVFWERCTELQDIERIMGQIERGEGKIQRRLSIKKALDQKMSRYRAPFHQLRLQYGNNKGKNYTEIEDRFLVCMLHKLGFDKENVYEELRAAIRASPQFRFDWFIKSRTALELQRRCNTLITLIERENIELEEKERAEKKKKAPKGSVSAGSGSASSNTPAPAPQPKASQKRKSEVVATSSNSKKKKK"
"Imitation SWI (Iswi)","FBgn0011604","FBpp0086955","Iswi-PB","MSKTDTAAVEATEENSNETTSDAATSSSGEKEAEFDNKIEADRSRRFDFLLKQTEIFTHFMTNSAKSPTKPKGRPKKIKDKDKEKDVADHRHRKTEQEEDEELLAEDSATKEIFRFDASPAYIKSGEMRDYQIRGLNWMISLYENGINGILADEMGLGKTLQTISLLGYLKHFKNQAGPHIVIVPKSTLQNWVNEFKKWCPSLRAVCLIGDQDTRNTFIRDVLMPGEWDVCVTSYEMCIREKSVFKKFNWRYLVIDEAHRIKNEKSKLSEILREFKTANRLLITGTPLQNNLHELWALLNFLLPDVFNSSEDFDEWFNTNTCLGDDALITRLHAVLKPFLLRRLKAEVEKRLKPKKEMKIFVGLSKMQRDWYTKVLLKDIDVVNGAGKVEKMRLQNILMQLRKCTNHPYLFDGAEPGPPYTTDTHLVYNSGKMAILDKLLPKLQEQGSRVLIFSQMTRMLDILEDYCHWRNYNYCRLDGQTPHEDRNRQIQEFNMDNSAKFLFMLSTRAGGLGINLATADVVIIYDSDWNPQMDLQAMDRAHRIGQKKQVRVFRLITESTVEEKIVERAEVKLRLDKMVIQGGRLVDNRSNQLNKDEMLNIIRFGANQVFSSKETDITDEDIDVILERGEAKTAEQKAALDSLGESSLRTFTMDTNGEAGTSSVYQFEGEDWREKQKLNALGNWIEPPKRERKANYAVDAYFREALRVSEPKAPKAPRPPKQPIVQDFQFFPPRLFELLDQEIYYFRKTVGYKVPKNTELGSDATKVQREEQRKIDEAEPLTEEEIQEKENLLSQGFTAWTKRDFNQFIKANEKYGRDDIDNIAKDVEGKTPEEVIEYNAVFWERCTELQDIERIMGQIERGEGKIQRRLSIKKALDQKMSRYRAPFHQLRLQYGNNKGKNYTEIEDRFLVCMLHKLGFDKENVYEELRAAIRASPQFRFDWFIKSRTALELQRRCNTLITLIERENIELEEKERAEKKKKAPKGSVSAGSGSASSNTPAPAPQPKASQKRKSEVVATSSNSKKKKK"
"Imitation SWI (Iswi)","FBgn0011604","FBpp0086956","Iswi-PC","MSKTDTAAVEATEENSNETTSDAATSSSGEKEAEFDNKIEADRSRRFDFLLKQTEIFTHFMTNSAKSPTKPKGRPKKIKDKDKEKDVADHRHRKTEQEEDEELLAEDSATKEIFRFDASPAYIKSGEMRDYQIRGLNWMISLYENGINGILADEMGLGKTLQTISLLGYLKHFKNQAGPHIVIVPKSTLQNWVNEFKKWCPSLRAVCLIGDQDTRNTFIRDVLMPGEWDVCVTSYEMCIREKSVFKKFNWRYLVIDEAHRIKNEKSKLSEILREFKTANRLLITGTPLQNNLHELWALLNFLLPDVFNSSEDFDEWFNTNTCLGDDALITRLHAVLKPFLLRRLKAEVEKRLKPKKEMKIFVGLSKMQRDWYTKVLLKDIDVVNGAGKVEKMRLQNILMQLRKCTNHPYLFDGAEPGPPYTTDTHLVYNSGKMAILDKLLPKLQEQGSRVLIFSQMTRMLDILEDYCHWRNYNYCRLDGQTPHEDRNRQIQEFNMDNSAKFLFMLSTRAGGLGINLATADVVIIYDSDWNPQMDLQAMDRAHRIGQKKQVRVFRLITESTVEEKIVERAEVKLRLDKMVIQGGRLVDNRSNQLNKDEMLNIIRFGANQVFSSKETDITDEDIDVILERGEAKTAEQKAALDSLGESSLRTFTMDTNGEAGTSSVYQFEGEDWREKQKLNALGNWIEPPKRERKANYAVDAYFREALRVSEPKAPKAPRPPKQPIVQDFQFFPPRLFELLDQEIYYFRKTVGYKVPKNTELGSDATKVQREEQRKIDEAEPLTEEEIQEKENLLSQGFTAWTKRDFNQFIKANEKYGRDDIDNIAKDVEGKTPEEVIEYNAVFWERCTELQDIERIMGQIERGEGKIQRRLSIKKALDQKMSRYRAPFHQLRLQYGNNKGKNYTEIEDRFLVCMLHKLGFDKENVYEELRAAIRASPQFRFDWFIKSRTALELQRRCNTLITLIERENIELEEKERAEKKKKAPKGSVSAGSGSASSNTPAPAPQPKASQKRKSEVVATSSNSKKKKK"
"spalt-adjacent (sala)","FBgn0003313","FBpp0079824","sala-PA","MKLLIALFALVTAVNAQNGFGQVGQGGYGGQGGFGGFGGIGGQAGFGGQIGFTGQGGVGGQVGIGQGGVHPGQGGFAGQGSPNQYQPGYGSPVGSGHFHGTNPVESGHFHENPHEYPEHHGDHHREHHEHHGHHEHHGHHRH"
"spalt-adjacent (sala)","FBgn0003313","FBpp0300458","sala-PC","MKLLIALFALVTAVNAQNGFGQVGQGGYGGQGGFGGFGGIGGQAGFGGQIGFTGQGGVGGQVGIGQGGVHPGQGGFAGQGSPNQYQPGYGSPVGSGHFHGTNPVESGHFHENPHEYPEHHGDHHREHHEHHGHHEHHGHHRH"
"spalt major (salm)","FBgn0261648","FBpp0088852","salm-PA","MKNHLSNVLCAMRSDFKDNHQETINKMIQFGTVKYGIVKQLKDRARSADKDIGSDQEENGGCSPLTTATTTASPSRSPEPEEEQPEEQSTSEQSIPEQSTPDHQLENDIKSEAKSEIEPVEDNNNRVAMTKPSSEEREPNASGSMPSSPVAEASAEEAATERTPEKEKEKDVEVDVEKPDEAPSSAVPSTEVTLPGGAGAPVTLEAIQNMQMAIAQFAAKTIANGSNGADNEAAMKQLAFLQQTLFNLQQQQLFQIQLIQQLQSQLALNQAKQEEDTEEDADQEQDQEQETDTYEEEERIADMELRQKAEARMAEAKARQHLINAGVPLRESSGSPAESLKRRREHDHESQPNRRPSLDNTHKADTAQDALAKLKEMENTPLPFGSDLASSIITNHDDLPEPNSLDLLQKRAQEVLDSASQGILANSMADDFAFGEKSGEGKGRNEPFFKHRCRYCGKVFGSDSALQIHIRSHTGERPFKCNVCGSRFTTKGNLKVHFQRHAQKFPHVPMNATPIPEHMDKFHPPLLDQMSPTDSSPNHSPAPPPLGSAPASFPPAFPGLQNLYRPPMEILKSLGAAAPHQYFPQELPTDLRKPSPQLDEDEPQVKNEPVEEKDQREEHEQEMAECSEPEPEPLPLEVRIKEERVEEQEQVKQEDHRIEPRRTPSPSSEHRSPHHHRHSHMGYPPVVQPIQPAALMHPQSSPGSQSHLDHLPTPGQLPPREDFFAERFPLNFTTAKMLSPEHHSPVRSPAGGALPPGVPPPPHHHPHHMARSPFFNPIKHEMAALLPRPHSNDNSWENFIEVSNTCETMKLKELMKNKKISDPNQCVVCDRVLSCKSALQMHYRTHTGERPFKCRICGRAFTTKGNLKTHMAVHKIRPPMRNFHQCPVCHKKYSNALVLQQHIRLHTGEPTDLTPEQIQAAEIRDPPPSMMPGHFMNPFAAAAFHFGALPGGPGGPPGPNHGAHNGALGSESSQGDMDDNMDCGEDYDDDVSSEHLSNSNLEQEGDRSRSGDDFKSLLFEQKLRIDATGVVNTNPVRPRSSASSHGHSVGSTSAPTSPSVHASSQVIKRSSSPARSEASQGALDLTPRAAPTSSSSSRSPLPKEKPVSPPSLPRSPSGSSHASANILTSPLPPTVGIDCLPPGLQHHLQQQHQHLMQQQAAVAAAAAAQHHHHQQMAALHQHQEQLRREAAEAQQKAAAAAAAAAAAAAAQRQTPPQARDQRQEGGPGAGPPPNPLMGARPPFGMFPNLPLFPPATTQNMCNAMNQIAQSVMPAAPFNPLALSGVRGSTTCGICYKTFPCHSALEIHYRSHTKERPFKCSICDRGFTTKGNLKQHMLTHKIRDMEQETFRNRAVKYMSEWNEDRE"
"spalt major (salm)","FBgn0261648","FBpp0310214","salm-PB","MKNHLSNVLCAMRSDFKDNHQETINKMIQFGTVKYGIVKQLKDRARSADKDIGSDQEENGGCSPLTTATTTASPSRSPEPEEEQPEEQSTSEQSIPEQSTPDHQLENDIKSEAKSEIEPVEDNNNRVAMTKPSSEEREPNASGSMPSSPVAEASAEEAATERTPEKEKEKDVEVDVEKPDEAPSSAVPSTEVTLPGGAGAPVTLEAIQNMQMAIAQFAAKTIANGSNGADNEAAMKQLAFLQQTLFNLQQQQLFQIQLIQQLQSQLALNQAKQEEDTEEDADQEQDQEQETDTYEEEERIADMELRQKAEARMAEAKARQHLINAGVPLRESSGSPAESLKRRREHDHESQPNRRPSLDNTHKADTAQDALAKLKEMENTPLPFGSDLASSIITNHDDLPEPNSLDLLQKRAQEVLDSASQGILANSMADDFAFGEKSGEGKGRNEPFFKHRCRYCGKVFGSDSALQIHIRSHTGERPFKCNVCGSRFTTKGNLKVHFQRHAQKFPHVPMNATPIPEHMDKFHPPLLDQMSPTDSSPNHSPAPPPLGSAPASFPPAFPGLQNLYRPPMEILKSLGAAAPHQYFPQELPTDLRKPSPQLDEDEPQVKNEPVEEKDQREEHEQEMAECSEPEPEPLPLEVRIKEERVEEQEQVKQEDHRIEPRRTPSPSSEHRSPHHHRHSHMGYPPVVQPIQPAALMHPQSSPGSQSHLDHLPTPGQLPPREDFFAERFPLNFTTAKMLSPEHHSPVRSPAGGALPPGVPPPPHHHPHHMARSPFFNPIKHEMAALLPRPHSNDNSWENFIEVSNTCETMKLKELMKNKKISDPNQCVVCDRVLSCKSALQMHYRTHTGERPFKCRICGRAFTTKGNLKTHMAVHKIRPPMRNFHQCPVCHKKYSNALVLQQHIRLHTGEPTDLTPEQIQAAEIRDPPPSMMPGHFMNPFAAAAFHFGALPGGPGGPPGPNHGAHNGALGSESSQGDMDDNMDCGEDYDDDVSSEHLSNSNLEQEGDRSRSGDDFKSLLFEQKLRIDATGVVNTNPVRPRSSASSHGHSVGSTSAPTSPSVHASSQVIKRSSSPARSEASQGALDLTPRAAPTSSSSSRSPLPKEKPVSPPSLPRSPSGSSHASANILTSPLPPTVGIDCLPPGLQHHLQQQHQHLMQQQAAVAAAAAAQHHHHQQMAALHQHQEQLRREAAEAQQKAAAAAAAAAAAAAAQRQTPPQARDQRQEGGPGAGPPPNPLMGARPPFGMFPNLPLFPPATTQNMCNAMNQIAQSVMPAAPFNPLALSGVRGSTTCGICYKTFPCHSALEIHYRSHTKERPFKCSICDRGFTTKGNLKQHMLTHKIRDMEQETFRNRAVK"
"spalt-related (salr)","FBgn0000287","FBpp0297936","salr-PC","MCSIFRNRINYRGTGGTRSGSGERERDRDRDRDRDRDRERDRDTLLAKELDADSNNNGTEPQMEAEAVPESDTERETAEERGEEQEPENSNEALDLSLISSGGRESLPGSGHVSLEALQHTKVAVAQFAATAMAGNHQSADLAMVQSTIFNVQRQHLMQLQLIQHLQSQLKRAEAAALGRHSHSDEEEEEPEPEPEPKKQPTNGLKEELELEQGPESEQDQESRREENSKTDKRGTEDRKAEPEGYQSMMCDISSSLASSIITNHDPPPAPNEPNCLEMLQRRTEEVLDSASQSLHAAQMQEEYSEYASKEAQSRGEIFKHRCKYCGKIFGSYSALQIHLRSHTGERPFVCNVCGSKFTTKGNLKVHYQRHTQIFPPMLLPPGVAPNVGHSGQGQVQGEQYPIRLPFAPPVAPVGQEQHQNQVEEPEEIRQEIPVPQAEDLSKPMVKEKEKSHSPVERVKTPKEVKTDAALPSSEKPEKEISKPVVTSSRRNGSVRKRQTSAVSPPQEDRERDLVEHLHIAKLVRRSSASRESQPAEYSLAQMERIIDKSWEDLIEIDKTSETSKLQQLVDNIENKLTDPNQCIFCQKVMSCRSSLQMHIRTHTGERPFRCKICGRAFATKGNLKAHMSIHKIKPPMRSQFKCPVCHQKFSNGIILQQHIRIHTMDDGSGGQGAPAANPGEAERLGIEDQNSNKSLGTSDTLDFSTTISDHSGQRSESSQGGDFDEFMTMDSTDDSRDNSSAATATPHPLERERDREKERERRIPNDCSDERSHSNPDLTGGRSESGEMPAMDLSSPSSNSGRIFATGLANGAAGGGSGNGGLPMLGMPMPPNLLLMAAAREEMHALGHAHAKFPLLPFGPLGFMGLHPPPNVCNLCFKMLPSLAALESHLQSEHAKEPATGHAQRPQCSDAGSPYGAKLTLNPNLFAKKPPSSSSSSSGEKLPESSNPPFPAENPPATPIKEDPDQEQLMVEEGASAGEGSGTGATSNYPQEAGDAEQSLMKMQLHAHRFPASPLDFQQALMSAGPPTSSLDPPVNNKHFCHVCRRNFSSSSALQIHMRTHTGDKPFQCNVCQKAFTTKGNLKVHMGTHMWTNPTSRRGRRMSLELPMRPGPNSGQGHPGSSAEQEFMQRRPELFFPYLPPFFNGLPPKPGELSPGAFPNIPPPPFANGGKYPYPPGLLGFPGFLAQHPYILERRSSSKSPTPEPAQSPALREEEGSGNIWHPLSRIKVENNQNESMGGFNEQEDHAETDATGGDNDESESRDAEK"
"spalt-related (salr)","FBgn0000287","FBpp0079823","salr-PB","MCSIFRNRINYRGTGGTRSGSGERERDRDRDRDRDRDRERDRDTLLAKELDADSNNNGTEPQMEAEAVPESDTERETAEERGEEQEPENSNEALDLSLISSGGRESLPGSGHVSLEALQHTKVAVAQFAATAMAGNHQSADLAMVQSTIFNVQRQHLMQLQLIQHLQSQLKRAEAAALGRHSHSDEEEEEPEPEPEPKKQPTNGLKEELELEQGPESEQDQESRREENSKTDKRGTEDRKAEPEGYQSMMCDISSSLASSIITNHDPPPAPNEPNCLEMLQRRTEEVLDSASQSLHAAQMQEEYSEYASKEAQSRGEIFKHRCKYCGKIFGSYSALQIHLRSHTGERPFVCNVCGSKFTTKGNLKVHYQRHTQIFPPMLLPPGVAPNVGHSGQGQVQGEQYPIRLPFAPPVAPVGQEQHQNQVEEPEEIRQEIPVPQAEDLSKPMVKEKEKSHSPVERVKTPKEVKTDAALPSSEKPEKEISKPVVTSSRRNGSVRKRQTSAVSPPQEDRERDLVEHLHIAKLVRRSSASRESQPAEYSLAQMERIIDKSWEDLIEIDKTSETSKLQQLVDNIENKLTDPNQCIFCQKVMSCRSSLQMHIRTHTGERPFRCKICGRAFATKGNLKAHMSIHKIKPPMRSQFKCPVCHQKFSNGIILQQHIRIHTMDDGSGGQGAPAANPGEAERLGIEDQNSNKSLGTSDTLDFSTTISDHSGQRSESSQGGDFDEFMTMDSTDDSRDNSSAATATPHPLERERDREKERERRIPNDCSDERSHSNPDLTGGRSESGEMPAMDLSSPSSNSGRIFATGLANGAAGGGSGNGGLPMLGMPMPPNLLLMAAAREEMHALGHAHAKFPLLPFGPLGFMGLHPPPNVCNLCFKMLPSLAALESHLQSEHAKEPATGHAQRPQCSDAGSPYGAKLTLNPNLFAKKPPSSSSSSSGEKLPESSNPPFPAENPPATPIKEDPDQEQLMVEEGASAGEGSGTGATSNYPQEAGDAEQSLMKMQLHAHRFPASPLDFQQALMSAGPPTSSLDPPVNNKHFCHVCRRNFSSSSALQIHMRTHTGDKPFQCNVCQKAFTTKGNLKVHMGTHMWTNPTSRRGRRMSLELPMRPGPNSGQGHPGSSAEQEFMQRRPELFFPYLPPFFNGLPPKPGELSPGAFPNIPPPPFANGGKYPYPPGLLGFPGFLAQHPYILERRSSSKSPTPEPAQSPALREEEGSGNIWHPLSRIKVENNQNESMGGFNEQEDHAETDATGGDNDESESRDAEK"
"spalt-related (salr)","FBgn0000287","FBpp0079822","salr-PA","MCSIFRNRINYRGTGGTRSGSGERERDRDRDRDRDRDRERDRDTLLAKELDADSNNNGTEPQMEAEAVPESDTERETAEERGEEQEPENSNEALDLSLISSGGRESLPGSGHVSLEALQHTKVAVAQFAATAMAGNHQSADLAMVQSTIFNVQRQHLMQLQLIQHLQSQLKRAEAAALGRHSHSDEEEEEPEPEPEPKKQPTNGLKEELELEQGPESEQDQESRREENSKTDKRGTEDRKAEPEGYQSMMCDISSSLASSIITNHDPPPAPNEPNCLEMLQRRTEEVLDSASQSLHAAQMQEEYSEYASKEAQSRGEIFKHRCKYCGKIFGSYSALQIHLRSHTGERPFVCNVCGSKFTTKGNLKVHYQRHTQIFPPMLLPPGVAPNVGHSGQGQVQGEQYPIRLPFAPPVAPVGQEQHQNQVEEPEEIRQEIPVPQAEDLSKPMVKEKEKSHSPVERVKTPKEVKTDAALPSSEKPEKEISKPVVTSSRRNGSVRKRQTSAVSPPQEDRERDLVEHLHIAKLVRRSSASRESQPAEYSLAQMERIIDKSWEDLIEIDKTSETSKLQQLVDNIENKLTDPNQCIFCQKVMSCRSSLQMHIRTHTGERPFRCKICGRAFATKGNLKAHMSIHKIKPPMRSQFKCPVCHQKFSNGIILQQHIRIHTMDDGSGGQGAPAANPGEAERLGIEDQNSNKSLGTSDTLDFSTTISDHSGQRSESSQGGDFDEFMTMDSTDDSRDNSSAATATPHPLERERDREKERERRIPNDCSDERSHSNPDLTGGRSESGEMPAMDLSSPSSNSGRIFATGLANGAAGGGSGNGGLPMLGMPMPPNLLLMAAAREEMHALGHAHAKFPLLPFGPLGFMGLHPPPNVCNLCFKMLPSLAALESHLQSEHAKEPATGHAQRPQCSDAGSPYGAKLTLNPNLFAKKPPSSSSSSSGEKLPESSNPPFPAENPPATPIKEDPDQEQLMVEEGASAGEGSGTGATSNYPQEAGDAEQSLMKMQLHAHRFPASPLDFQQALMSAGPPTSSLDPPVNNKHFCHVCRRNFSSSSALQIHMRTHTGDKPFQCNVCQKAFTTKGNLKVHMGTHMWTNPTSRRGRRMSLELPMRPGPNSGQGHPGSSAEQEFMQRRPELFFPYLPPFFNGLPPKPGELSPGAFPNIPPPPFANGGKYPYPPGLLGFPGFLAQHPYILERRSSSKSPTPEPAQSPALREEEGSGNIWHPLSRIKVENNQNESMGGFNEQEDHAETDATGGDNDESESRDAEK"
"scalloped (sd)","FBgn0003345","FBpp0111739","sd-PG","MKNITSSSTCSTGLLQLQNNLSCSELEVAEKTEQQAVGPGTIPSPWTPVNAGPPGALGSADTNGSMVDSKNLDVGDMSDDEKDLSSADAEGVWSPDIEQSFQEALSIYPPCGRRKIILSDEGKMYGRNELIARYIKLRTGKTRTRKQVSSHIQVLARRKLREIQAKIKVQFWQPGLQPSTSQDFYDYSIKPFPQPPYPAGKTSTAVSGDETGIPPSQLPWEGRAIATHKFRLLEFTAFMEIQRDEIYHRHLFVQLGGKPSFSDPLLETVDIRQIFDKFPEKSGGLKDLYEKGPQNAFYLVKCWADLNTDLTTGSETGDFYGVTSQYESNENVVLVCSTIVCSFGKQVVEKVESEYSRLENNRYVYRIQRSPMCEYMINFIQKLKNLPERYMMNSVLENFTILQVMRARETQETLLCIAYVFEVAAQNSGTTHHIYRLIKE"
"scalloped (sd)","FBgn0003345","FBpp0300456","sd-PP","MDCDYSKFLYKIGPGTIPSPWTPVNAGPPGALGSADTNGSMVDSKNLDVGDMSDDEKDLSSADAEGVWSPDIEQSFQEALSIYPPCGRRKIILSDEGKMYGRNELIARYIKLRTGKTRTRKQVSSHIQVLARRKLREIQAKIKVQFWQPGLQPSTSQDIKPFPQPPYPAGKTSTAVSGDETGIPPSQLPWEGRAIATHKFRLLEFTAFMEIQRDEIYHRHLFVQLGGKPSFSDPLLETVDIRQIFDKFPEKSGGLKDLYEKGPQNAFYLVKCWADLNTDLTTGSETGDFYGVTSQYESNENVVLVCSTIVCSFGKQVVEKVESEYSRLENNRYVYRIQRSPMCEYMINFIQKLKNLPERYMMNSVLENFTILQVMRARETQETLLCIAYVFEVAAQNSGTTHHIYRLIKE"
"scalloped (sd)","FBgn0003345","FBpp0300453","sd-PM","MKNITSSSTCSTGLLQLQNNLSCSELEVAEKTEQQAVGPGTIPSPWTPVNAGPPGALGSADTNGSMVDSKNLDVGDMSDDEKDLSSADAEGVWSPDIEQSFQEALSIYPPCGRRKIILSDEGKMYGRNELIARYIKLRTGKTRTRKQVSSHIQVLARRKLREIQAKIKVQFWQPGLQPSTSQDIKPFPQPPYPAGKTSTAVSGDETGIPPSQLPWEGRAIATHKFRLLEFTAFMEIQRDEIYHRHLFVQLGGKPSFSDPLLETVDIRQIFDKFPEKSGGLKDLYEKGPQNAFYLVKCWADLNTDLTTGSETGDFYGVTSQYESNENVVLVCSTIVCSFGKQVVEKVESEYSRLENNRYVYRIQRSPMCEYMINFIQKLKNLPERYMMNSVLENFTILQVMRARETQETLLCIAYVFEVAAQNSGTTHHIYRLIKE"
"scalloped (sd)","FBgn0003345","FBpp0111738","sd-PF","MKNITSSSTCSTGLLQLQNNLSCSELEVAEKTEQQAVGPGTIPSPWTPVNAGPPGALGSADTNGSMVDSKNLDVGDMSDDEKDLSSADAEGVWSPDIEQSFQEALSIYPPCGRRKIILSDEGKMYGRNELIARYIKLRTGKTRTRKQVSSHIQVLARRKLREIQAKIKVQFWQPGLQPSTSQDFYDYSIKPFPQPPYPAGKTSTAVSGDETGIPPSQLPWEGRAIATHKFRLLEFTAFMEIQRDEIYHRHLFVQLGGKPSFSDPLLETVDIRQIFDKFPEKSGGLKDLYEKGPQNAFYLVKCWADLNTDLTTGSETGDFYGVTSQYESNENVVLVCSTIVCSFGKQVVEKVESEYSRLENNRYVYRIQRSPMCEYMINFIQKLKNLPERYMMNSVLENFTILQVMRARETQETLLCIAYVFEVAAQNSGTTHHIYRLIKE"
"scalloped (sd)","FBgn0003345","FBpp0312377","sd-PU","MDCDYSKFLYKIGPGTIPSPWTPVNAGPPGALGSADTNGSMVDSKNLDVGDMSDDEKDLSSADAEGVWSPDIEQSFQEALSIYPPCGRRKIILSDEGKMYGRNELIARYIKLRTGKTRTRKQVSSHIQVLARRKLREIQAKIKVQFWQPGLQPSTSQDIKPFPQPPYPAGKTSTAVSGDETGIPPSQLPWEGRAIATHKFRLLEFTAFMEIQRDEIYHRHLFVQLGGKPSFSDPLLETVDIRQIFDKFPEKSGGLKDLYEKGPQNAFYLVKCWADLNTDLTTGSETGDFYGVTSQYESNENVVLVCSTIVCSFGKQVVEKVESEYSRLENNRYVYRIQRSPMCEYMINFIQKLKNLPERYMMNSVLENFTILQVMRARETQETLLCIAYVFEVAAQNSGTTHHIYRLIKE"
"scalloped (sd)","FBgn0003345","FBpp0300454","sd-PN","MVDSKNLDVGDMSDDEKDLSSADAEGVWSPDIEQSFQEALSIYPPCGRRKIILSDEGKMYGRNELIARYIKLRTGKTRTRKQVSSHIQVLARRKLREIQAKIKVQFWQPGLQPSTSQDIKPFPQPPYPAGKTSTAVSGDETGIPPSQLPWEGRAIATHKFRLLEFTAFMEIQRDEIYHRHLFVQLGGKPSFSDPLLETVDIRQIFDKFPEKSGGLKDLYEKGPQNAFYLVKCWADLNTDLTTGSETGDFYGVTSQYESNENVVLVCSTIVCSFGKQVVEKVESEYSRLENNRYVYRIQRSPMCEYMINFIQKLKNLPERYMMNSVLENFTILQVMRARETQETLLCIAYVFEVAAQNSGTTHHIYRLIKE"
"scalloped (sd)","FBgn0003345","FBpp0301996","sd-PS","MKNITSSSTCSTGLLQLQNNLSCSELEVAEKTEQQAVGPGTIPSPWTPVNAGPPGALGSADTNGSMVDSKNLDVGDMSDDEKDLSSADAEGVWSPDIEQSFQEALSIYPPCGRRKIILSDEGKMYGRNELIARYIKLRTGKTRTRKQVSSHIQVLARRKLREIQAKIKVQFWQPGLQPSTSQDFYDYSIKPFPQPPYPAGKTSTAVSGDETGIPPSQLPWEGRAIATHKFRLLEFTAFMEIQRDEIYHRHLFVQLGGKPSFSDPLLETVDIRQIFDKFPEKSGGLKDLYEKGPQNAFYLVKCWADLNTDLTTGSETGDFYGVTSQYESNENVVLVCSTIVCSFGKQVVEKVESEYSRLENNRYVYRIQRSPMCEYMINFIQKLKNLPERYMMNSVLENFTILQVMRARETQETLLCIAYVFEVAAQNSGTTHHIYRLIKE"
"scalloped (sd)","FBgn0003345","FBpp0300455","sd-PO","MDCDYSKFLYKIGPGTIPSPWTPVNAGPPGALGSADTNGSMVDSKNLDVGDMSDDEKDLSSADAEGVWSPDIEQSFQEALSIYPPCGRRKIILSDEGKMYGRNELIARYIKLRTGKTRTRKQVSSHIQVLARRKLREIQAKIKVQFWQPGLQPSTSQDIKPFPQPPYPAGKTSTAVSGDETGIPPSQLPWEGRAIATHKFRLLEFTAFMEIQRDEIYHRHLFVQLGGKPSFSDPLLETVDIRQIFDKFPEKSGGLKDLYEKGPQNAFYLVKCWADLNTDLTTGSETGDFYGVTSQYESNENVVLVCSTIVCSFGKQVVEKVESEYSRLENNRYVYRIQRSPMCEYMINFIQKLKNLPERYMMNSVLENFTILQVMRARETQETLLCIAYVFEVAAQNSGTTHHIYRLIKE"
"scalloped (sd)","FBgn0003345","FBpp0089157","sd-PC","MVDSKNLDVGDMSDDEKDLSSADAEGVWSPDIEQSFQEALSIYPPCGRRKIILSDEGKMYGRNELIARYIKLRTGKTRTRKQVSSHIQVLARRKLREIQAKIKVQFWQPGLQPSTSQDIKPFPQPPYPAGKTSTAVSGDETGIPPSQLPWEGRAIATHKFRLLEFTAFMEIQRDEIYHRHLFVQLGGKPSFSDPLLETVDIRQIFDKFPEKSGGLKDLYEKGPQNAFYLVKCWADLNTDLTTGSETGDFYGVTSQYESNENVVLVCSTIVCSFGKQVVEKVESEYSRLENNRYVYRIQRSPMCEYMINFIQKLKNLPERYMMNSVLENFTILQVMRARETQETLLCIAYVFEVAAQNSGTTHHIYRLIKE"
"scalloped (sd)","FBgn0003345","FBpp0309110","sd-PT","MVDSKNLDVGDMSDDEKDLSSADAEGVWSPDIEQSFQEALSIYPPCGRRKIILSDEGKMYGRNELIARYIKLRTGKTRTRKQVSSHIQVLARRKLREIQAKIKVQFWQPGLQPSTSQDFYDYSIKPFPQPPYPAGKTSTAVSGDETGIPPSQLPWEGRAIATHKFRLLEFTAFMEIQRDEIYHRHLFVQLGGKPSFSDPLLETVDIRQIFDKFPEKSGGLKDLYEKGPQNAFYLVKCWADLNTDLTTGSETGDFYGVTSQYESNENVVLVCSTIVCSFGKQVVEKVESEYSRLENNRYVYRIQRSPMCEYMINFIQKLKNLPERYMMNSVLENFTILQVMRARETQETLLCIAYVFEVAAQNSGTTHHIYRLIKE"
"scalloped (sd)","FBgn0003345","FBpp0300451","sd-PK","MKNITSSSTCSTGLLQLQNNLSCSELEVAEKTEQQAVGPGTIPSPWTPVNAGPPGALGSADTNGSMVDSKNLDVGDMSDDEKDLSSADAEGVWSPDIEQSFQEALSIYPPCGRRKIILSDEGKMYGRNELIARYIKLRTGKTRTRKQVSSHIQVLARRKLREIQAKIKVQFWQPGLQPSTSQDFYDYSIKPFPQPPYPAGKTSTAVSGDETGIPPSQLPWEGRAIATHKFRLLEFTAFMEIQRDEIYHRHLFVQLGGKPSFSDPLLETVDIRQIFDKFPEKSGGLKDLYEKGPQNAFYLVKCWADLNTDLTTGSETGDFYGVTSQYESNENVVLVCSTIVCSFGKQVVEKVESEYSRLENNRYVYRIQRSPMCEYMINFIQKLKNLPERYMMNSVLENFTILQVMRARETQETLLCIAYVFEVAAQNSGTTHHIYRLIKE"
"scalloped (sd)","FBgn0003345","FBpp0300452","sd-PL","MVDSKNLDVGDMSDDEKDLSSADAEGVWSPDIEQSFQEALSIYPPCGRRKIILSDEGKMYGRNELIARYIKLRTGKTRTRKQVSSHIQVLARRKLREIQAKIKVQFWQPGLQPSTSQDIKPFPQPPYPAGKTSTAVSGDETGIPPSQLPWEGRAIATHKFRLLEFTAFMEIQRDEIYHRHLFVQLGGKPSFSDPLLETVDIRQIFDKFPEKSGGLKDLYEKGPQNAFYLVKCWADLNTDLTTGSETGDFYGVTSQYESNENVVLVCSTIVCSFGKQVVEKVESEYSRLENNRYVYRIQRSPMCEYMINFIQKLKNLPERYMMNSVLENFTILQVMRARETQETLLCIAYVFEVAAQNSGTTHHIYRLIKE"
"scalloped (sd)","FBgn0003345","FBpp0073914","sd-PB","MKNITSSSTCSTGLLQLQNNLSCSELEVAEKTEQQAVGPGTIPSPWTPVNAGPPGALGSADTNGSMVDSKNLDVGDMSDDEKDLSSADAEGVWSPDIEQSFQEALSIYPPCGRRKIILSDEGKMYGRNELIARYIKLRTGKTRTRKQVSSHIQVLARRKLREIQAKIKVQFWQPGLQPSTSQDFYDYSIKPFPQPPYPAGKTSTAVSGDETGIPPSQLPWEGRAIATHKFRLLEFTAFMEIQRDEIYHRHLFVQLGGKPSFSDPLLETVDIRQIFDKFPEKSGGLKDLYEKGPQNAFYLVKCWADLNTDLTTGSETGDFYGVTSQYESNENVVLVCSTIVCSFGKQVVEKVESEYSRLENNRYVYRIQRSPMCEYMINFIQKLKNLPERYMMNSVLENFTILQVMRARETQETLLCIAYVFEVAAQNSGTTHHIYRLIKE"
"scalloped (sd)","FBgn0003345","FBpp0300450","sd-PJ","MDCDYSKFLYKIGPGTIPSPWTPVNAGPPGALGSADTNGSMVDSKNLDVGDMSDDEKDLSSADAEGVWSPDIEQSFQEALSIYPPCGRRKIILSDEGKMYGRNELIARYIKLRTGKTRTRKQVSSHIQVLARRKLREIQAKIKVQFWQPGLQPSTSQDIKPFPQPPYPAGKTSTAVSGDETGIPPSQLPWEGRAIATHKFRLLEFTAFMEIQRDEIYHRHLFVQLGGKPSFSDPLLETVDIRQIFDKFPEKSGGLKDLYEKGPQNAFYLVKCWADLNTDLTTGSETGDFYGVTSQYESNENVVLVCSTIVCSFGKQVVEKVESEYSRLENNRYVYRIQRSPMCEYMINFIQKLKNLPERYMMNSVLENFTILQVMRARETQETLLCIAYVFEVAAQNSGTTHHIYRLIKE"
"scalloped (sd)","FBgn0003345","FBpp0301995","sd-PR","MKNITSSSTCSTGLLQLQNNLSCSELEVAEKTEQQAVGPGTIPSPWTPVNAGPPGALGSADTNGSMVDSKNLDVGDMSDDEKDLSSADAEGVWSPDIEQSFQEALSIYPPCGRRKIILSDEGKMYGRNELIARYIKLRTGKTRTRKQVSSHIQVLARRKLREIQAKIKVQFWQPGLQPSTSQDFYDYSIKPFPQPPYPAGKTSTAVSGDETGIPPSQLPWEGRAIATHKFRLLEFTAFMEIQRDEIYHRHLFVQLGGKPSFSDPLLETVDIRQIFDKFPEKSGGLKDLYEKGPQNAFYLVKCWADLNTDLTTGSETGDFYGVTSQYESNENVVLVCSTIVCSFGKQVVEKVESEYSRLENNRYVYRIQRSPMCEYMINFIQKLKNLPERYMMNSVLENFTILQVMRARETQETLLCIAYVFEVAAQNSGTTHHIYRLIKE"
"scalloped (sd)","FBgn0003345","FBpp0073915","sd-PA","MVDSKNLDVGDMSDDEKDLSSADAEGVWSPDIEQSFQEALSIYPPCGRRKIILSDEGKMYGRNELIARYIKLRTGKTRTRKQVSSHIQVLARRKLREIQAKIKVQFWQPGLQPSTSQDIKPFPQPPYPAGKTSTAVSGDETGIPPSQLPWEGRAIATHKFRLLEFTAFMEIQRDEIYHRHLFVQLGGKPSFSDPLLETVDIRQIFDKFPEKSGGLKDLYEKGPQNAFYLVKCWADLNTDLTTGSETGDFYGVTSQYESNENVVLVCSTIVCSFGKQVVEKVESEYSRLENNRYVYRIQRSPMCEYMINFIQKLKNLPERYMMNSVLENFTILQVMRARETQETLLCIAYVFEVAAQNSGTTHHIYRLIKE"
"scalloped (sd)","FBgn0003345","FBpp0111736","sd-PD","MDCDYSKFLYKIGPGTIPSPWTPVNAGPPGALGSADTNGSMVDSKNLDVGDMSDDEKDLSSADAEGVWSPDIEQSFQEALSIYPPCGRRKIILSDEGKMYGRNELIARYIKLRTGKTRTRKQVSSHIQVLARRKLREIQAKIKVQFWQPGLQPSTSQDIKPFPQPPYPAGKTSTAVSGDETGIPPSQLPWEGRAIATHKFRLLEFTAFMEIQRDEIYHRHLFVQLGGKPSFSDPLLETVDIRQIFDKFPEKSGGLKDLYEKGPQNAFYLVKCWADLNTDLTTGSETGDFYGVTSQYESNENVVLVCSTIVCSFGKQVVEKVESEYSRLENNRYVYRIQRSPMCEYMINFIQKLKNLPERYMMNSVLENFTILQVMRARETQETLLCIAYVFEVAAQNSGTTHHIYRLIKE"
"scalloped (sd)","FBgn0003345","FBpp0111737","sd-PE","MKNITSSSTCSTGLLQLQNNLSCSELEVAEKTEQQAVGPGTIPSPWTPVNAGPPGALGSADTNGSMVDSKNLDVGDMSDDEKDLSSADAEGVWSPDIEQSFQEALSIYPPCGRRKIILSDEGKMYGRNELIARYIKLRTGKTRTRKQVSSHIQVLARRKLREIQAKIKVQFWQPGLQPSTSQDFYDYSIKPFPQPPYPAGKTSTAVSGDETGIPPSQLPWEGRAIATHKFRLLEFTAFMEIQRDEIYHRHLFVQLGGKPSFSDPLLETVDIRQIFDKFPEKSGGLKDLYEKGPQNAFYLVKCWADLNTDLTTGSETGDFYGVTSQYESNENVVLVCSTIVCSFGKQVVEKVESEYSRLENNRYVYRIQRSPMCEYMINFIQKLKNLPERYMMNSVLENFTILQVMRARETQETLLCIAYVFEVAAQNSGTTHHIYRLIKE"
"scalloped (sd)","FBgn0003345","FBpp0290758","sd-PH","MKNITSSSTCSTGLLQLQNNLSCSELEVAEKTEQQAVGPGTIPSPWTPVNAGPPGALGSADTNGSMVDSKNLDVGDMSDDEKDLSSADAEGVWSPDIEQSFQEALSIYPPCGRRKIILSDEGKMYGRNELIARYIKLRTGKTRTRKQVSSHIQVLARRKLREIQAKIKVQFWQPGLQPSTSQDIKPFPQPPYPAGKTSTAVSGDETGIPPSQLPWEGRAIATHKFRLLEFTAFMEIQRDEIYHRHLFVQLGGKPSFSDPLLETVDIRQIFDKFPEKSGGLKDLYEKGPQNAFYLVKCWADLNTDLTTGSETGDFYGVTSQYESNENVVLVCSTIVCSFGKQVVEKVESEYSRLENNRYVYRIQRSPMCEYMINFIQKLKNLPERYMMNSVLENFTILQVMRARETQETLLCIAYVFEVAAQNSGTTHHIYRLIKE"
"scalloped (sd)","FBgn0003345","FBpp0290759","sd-PI","MKNITSSSTCSTGLLQLQNNLSCSELEVAEKTEQQAVGPGTIPSPWTPVNAGPPGALGSADTNGSMVDSKNLDVGDMSDDEKDLSSADAEGVWSPDIEQSFQEALSIYPPCGRRKIILSDEGKMYGRNELIARYIKLRTGKTRTRKQVSSHIQVLARRKLREIQAKIKVQFWQPGLQPSTSQDIKPFPQPPYPAGKTSTAVSGDETGIPPSQLPWEGRAIATHKFRLLEFTAFMEIQRDEIYHRHLFVQLGGKPSFSDPLLETVDIRQIFDKFPEKSGGLKDLYEKGPQNAFYLVKCWADLNTDLTTGSETGDFYGVTSQYESNENVVLVCSTIVCSFGKQVVEKVESEYSRLENNRYVYRIQRSPMCEYMINFIQKLKNLPERYMMNSVLENFTILQVMRARETQETLLCIAYVFEVAAQNSGTTHHIYRLIKE"
"scalloped (sd)","FBgn0003345","FBpp0301994","sd-PQ","MVDSKNLDVGDMSDDEKDLSSADAEGVWSPDIEQSFQEALSIYPPCGRRKIILSDEGKMYGRNELIARYIKLRTGKTRTRKQVSSHIQVLARRKLREIQAKIKVETNGVSLHLLNEKEQALQVMSTMTSSQIVSAQAANNLALAATALSAAGGGGGGVHHTTRHLNLSLPPPPTHHRHSSAAAAAAAAAGVAAAAAAAAAAAAIGGNVPSAALVPGPAVMPPTTSTSSSSASPRQQQQQQIQQQQQQHHYHHPAHAHHHHHHHHHSHPNLTHLPHSHMHPHHHQHAAAVAAVYHLQQQQQQQQQQLQQQQQQQQQQQRANHTDNDPVALGTGGTSEAPPAPPAPPPPPPPLHHPPLYSGQFWQPGLQPSTSQDIKPFPQPPYPAGKTSTAVSGDETGIPPSQLPWEGRAIATHKFRLLEFTAFMEIQRDEIYHRHLFVQLGGKPSFSDPLLETVDIRQIFDKFPEKSGGLKDLYEKGPQNAFYLVKCWADLNTDLTTGSETGDFYGVTSQYESNENVVLVCSTIVCSFGKQVVEKVESEYSRLENNRYVYRIQRSPMCEYMINFIQKLKNLPERYMMNSVLENFTILQVMRARETQETLLCIAYVFEVAAQNSGTTHHIYRLIKE"
"Ultrabithorax (Ubx)","FBgn0003944","FBpp0082796","Ubx-PD","MNSYFEQASGFYGHPHQATGMAMGSGGHHDQTASAAAAAYRGFPLSLGMSPYANHHLQRTTQDSPYDASITAACNKIYGDGAGAYKQDCLNIKADAVNGYKDIWNTGGSNGGGGGGGGGGGGGAGGTGGAGNANGGNAANANGQNNPAGGMPVRPSACTPDSRVGGYLDTSGGSPVSHRGGSAGGNVSVSGGNGNAGGVQSGVGVAGAGTAWNANCTISGAAAQTAAASSLHQASNHTFYPWMAIAGKRYSESLAGSLLPDWLGTNGLRRRGRQTYTRYQTLELEKEFHTNHYLTRRRRIEMAHALCLTERQIKIWFQNRRMKLKKEIQAIKELNEQEKQAQAQKAAAAAAAAAAVQGGHLDQ"
"Ultrabithorax (Ubx)","FBgn0003944","FBpp0082797","Ubx-PE","MNSYFEQASGFYGHPHQATGMAMGSGGHHDQTASAAAAAYRGFPLSLGMSPYANHHLQRTTQDSPYDASITAACNKIYGDGAGAYKQDCLNIKADAVNGYKDIWNTGGSNGGGGGGGGGGGGGAGGTGGAGNANGGNAANANGQNNPAGGMPVRPSACTPDSRVGGYLDTSGGSPVSHRGGSAGGNVSVSGGNGNAGGVQSGVGVAGAGTAWNANCTISGAAAQTAAASSLHQASNHTFYPWMAIAGKIRSDLTQYGGISTDMGKRYSESLAGSLLPDWLGTNGLRRRGRQTYTRYQTLELEKEFHTNHYLTRRRRIEMAHALCLTERQIKIWFQNRRMKLKKEIQAIKELNEQEKQAQAQKAAAAAAAAAAVQGGHLDQ"
"Ultrabithorax (Ubx)","FBgn0003944","FBpp0082794","Ubx-PB","MNSYFEQASGFYGHPHQATGMAMGSGGHHDQTASAAAAAYRGFPLSLGMSPYANHHLQRTTQDSPYDASITAACNKIYGDGAGAYKQDCLNIKADAVNGYKDIWNTGGSNGGGGGGGGGGGGGAGGTGGAGNANGGNAANANGQNNPAGGMPVRPSACTPDSRVGGYLDTSGGSPVSHRGGSAGGNVSVSGGNGNAGGVQSGVGVAGAGTAWNANCTISGAAAQTAAASSLHQASNHTFYPWMAIAGTNGLRRRGRQTYTRYQTLELEKEFHTNHYLTRRRRIEMAHALCLTERQIKIWFQNRRMKLKKEIQAIKELNEQEKQAQAQKAAAAAAAAAAVQGGHLDQ"
"Ultrabithorax (Ubx)","FBgn0003944","FBpp0089155","Ubx-PF","MNSYFEQASGFYGHPHQATGMAMGSGGHHDQTASAAAAAYRGFPLSLGMSPYANHHLQRTTQDSPYDASITAACNKIYGDGAGAYKQDCLNIKADAVNGYKDIWNTGGSNGGGGGGGGGGGGGAGGTGGAGNANGGNAANANGQNNPAGGMPVRPSACTPDSRVGGYLDTSGGSPVSHRGGSAGGNVSVSGGNGNAGGVQSGVGVAGAGTAWNANCTISGAAAQTAAASSLHQASNHTFYPWMAIAGECPEDPTKSTNGLRRRGRQTYTRYQTLELEKEFHTNHYLTRRRRIEMAHALCLTERQIKIWFQNRRMKLKKEIQAIKELNEQEKQAQAQKAAAAAAAAAAVQGGHLDQ"
"Ultrabithorax (Ubx)","FBgn0003944","FBpp0082793","Ubx-PA","MNSYFEQASGFYGHPHQATGMAMGSGGHHDQTASAAAAAYRGFPLSLGMSPYANHHLQRTTQDSPYDASITAACNKIYGDGAGAYKQDCLNIKADAVNGYKDIWNTGGSNGGGGGGGGGGGGGAGGTGGAGNANGGNAANANGQNNPAGGMPVRPSACTPDSRVGGYLDTSGGSPVSHRGGSAGGNVSVSGGNGNAGGVQSGVGVAGAGTAWNANCTISGAAAQTAAASSLHQASNHTFYPWMAIAGECPEDPTKSKIRSDLTQYGGISTDMGKRYSESLAGSLLPDWLGTNGLRRRGRQTYTRYQTLELEKEFHTNHYLTRRRRIEMAHALCLTERQIKIWFQNRRMKLKKEIQAIKELNEQEKQAQAQKAAAAAAAAAAVQGGHLDQ"
"Ultrabithorax (Ubx)","FBgn0003944","FBpp0082795","Ubx-PC","MNSYFEQASGFYGHPHQATGMAMGSGGHHDQTASAAAAAYRGFPLSLGMSPYANHHLQRTTQDSPYDASITAACNKIYGDGAGAYKQDCLNIKADAVNGYKDIWNTGGSNGGGGGGGGGGGGGAGGTGGAGNANGGNAANANGQNNPAGGMPVRPSACTPDSRVGGYLDTSGGSPVSHRGGSAGGNVSVSGGNGNAGGVQSGVGVAGAGTAWNANCTISGAAAQTAAASSLHQASNHTFYPWMAIAGECPEDPTKSKRYSESLAGSLLPDWLGTNGLRRRGRQTYTRYQTLELEKEFHTNHYLTRRRRIEMAHALCLTERQIKIWFQNRRMKLKKEIQAIKELNEQEKQAQAQKAAAAAAAAAAVQGGHLDQ"
"ultraspiracle (usp)","FBgn0003964","FBpp0305937","usp-PB","MDNCDQDASFRLSHIKEEVKPDISQLNDSNNSSFSPKAESPVPFMQAMSMVHVLPGSNSASSNNNSAGDAQMAQAPNSAGGSAAAAVQQQYPPNHPLSGSKHLCSICGDRASGKHYGVYSCEGCKGFFKRTVRKDLTYACRENRNCIIDKRQRNRCQYCRYQKCLTCGMKREAVQEERQRGARNAAGRLSASGGGSSGPGSVGGSSSQGGGGGGGVSGGMGSGNGSDDFMTNSVSRDFSIERIIEAEQRAETQCGDRALTFLRVGPYSTVQPDYKGAVSALCQVVNKQLFQMVEYARMMPHFAQVPLDDQVILLKAAWIELLIANVAWCSIVSLDDGGAGGGGGGLGHDGSFERRSPGLQPQQLFLNQSFSYHRNSAIKAGVSAIFDRILSELSVKMKRLNLDRRELSCLKAIILYNPDIRGIKSRAEIEMCREKVYACLDEHCRLEHPGDDGRFAQLLLRLPALRSISLKCQDHLFLFRITSDRPLEELFLEQLEAPPPPGLAMKLE"
"ultraspiracle (usp)","FBgn0003964","FBpp0070332","usp-PA","MDNCDQDASFRLSHIKEEVKPDISQLNDSNNSSFSPKAESPVPFMQAMSMVHVLPGSNSASSNNNSAGDAQMAQAPNSAGGSAAAAVQQQYPPNHPLSGSKHLCSICGDRASGKHYGVYSCEGCKGFFKRTVRKDLTYACRENRNCIIDKRQRNRCQYCRYQKCLTCGMKREAVQEERQRGARNAAGRLSASGGGSSGPGSVGGSSSQGGGGGGGVSGGMGSGNGSDDFMTNSVSRDFSIERIIEAEQRAETQCGDRALTFLRVGPYSTVQPDYKGAVSALCQVVNKQLFQMVEYARMMPHFAQVPLDDQVILLKAAWIELLIANVAWCSIVSLDDGGAGGGGGGLGHDGSFERRSPGLQPQQLFLNQSFSYHRNSAIKAGVSAIFDRILSELSVKMKRLNLDRRELSCLKAIILYNPDIRGIKSRAEIEMCREKVYACLDEHCRLEHPGDDGRFAQLLLRLPALRSISLKCQDHLFLFRITSDRPLEELFLEQLEAPPPPGLAMKLE"
"wingless (wg)","FBgn0284084","FBpp0079060","wg-PA","MDISYIFVICLMALCSGGSSLSQVEGKQKSGRGRGSMWWGIAKVGEPNNITPIMYMDPAIHSTLRRKQRRLVRDNPGVLGALVKGANLAISECQHQFRNRRWNCSTRNFSRGKNLFGKIVDRGCRETSFIYAITSAAVTHSIARACSEGTIESCTCDYSHQSRSPQANHQAGSVAGVRDWEWGGCSDNIGFGFKFSREFVDTGERGRNLREKMNLHNNEAGRAHVQAEMRQECKCHGMSGSCTVKTCWMRLANFRVIGDNLKARFDGATRVQVTNSLRATNALAPVSPNAAGSNSVGSNGLIIPQSGLVYGEEEERMLNDHMPDILLENSHPISKIHHPNMPSPNSLPQAGQRGGRNGRRQGRKHNRYHFQLNPHNPEHKPPGSKDLVYLEPSPSFCEKNLRQGILGTHGRQCNETSLGVDGCGLMCCGRGYRRDEVVVVERCACTFHWCCEVKCKLCRTKKVIYTCL"
