organism,seq_length,query_coverage,raw_score,gene_symbol,flybase_prot_id,flybase_gene_id,target_id
D_simulans,133,0.353723,145,exd-PA,FBpp0073940,FBgn0000611,FBpp0317144
D_simulans,133,0.353723,145,exd-PA,FBpp0073940,FBgn0000611,FBpp0318713
D_simulans,133,0.353723,145,exd-PA,FBpp0073940,FBgn0000611,FBpp0320070
D_simulans,133,0.353723,145,exd-PA,FBpp0073940,FBgn0000611,FBpp0325612
D_simulans,133,0.353723,145,exd-PA,FBpp0073940,FBgn0000611,FBpp0326938
D_simulans,133,0.353723,145,exd-PA,FBpp0073940,FBgn0000611,FBpp0328667
D_simulans,127,0.337766,196,exd-PA,FBpp0073940,FBgn0000611,FBpp0219120
D_simulans,127,0.337766,196,exd-PA,FBpp0073940,FBgn0000611,FBpp0323178
D_simulans,376,1.000000,1756,exd-PA,FBpp0073940,FBgn0000611,FBpp0215663
D_simulans,376,1.000000,1756,exd-PA,FBpp0073940,FBgn0000611,FBpp0323302
D_simulans,223,0.262662,315,EcR-PA,FBpp0085349,FBgn0000546,FBpp0324217
D_simulans,404,0.475854,324,EcR-PA,FBpp0085349,FBgn0000546,FBpp0319643
D_simulans,398,0.468787,324,EcR-PA,FBpp0085349,FBgn0000546,FBpp0320148
D_simulans,515,0.606596,326,EcR-PA,FBpp0085349,FBgn0000546,FBpp0315934
D_simulans,414,0.487633,331,EcR-PA,FBpp0085349,FBgn0000546,FBpp0317944
D_simulans,251,0.295642,336,EcR-PA,FBpp0085349,FBgn0000546,FBpp0220789
D_simulans,251,0.295642,336,EcR-PA,FBpp0085349,FBgn0000546,FBpp0312767
D_simulans,251,0.295642,336,EcR-PA,FBpp0085349,FBgn0000546,FBpp0323788
D_simulans,202,0.237927,773,EcR-PA,FBpp0085349,FBgn0000546,FBpp0318821
D_simulans,822,0.968198,2862,EcR-PA,FBpp0085349,FBgn0000546,FBpp0208736
C_lectularius,123,0.866197,154,sala-PA,FBpp0079824,FBgn0003313,CLEC006898-PA
C_lectularius,99,0.697183,157,sala-PA,FBpp0079824,FBgn0003313,CLEC002876-PA
C_lectularius,110,0.774648,163,sala-PA,FBpp0079824,FBgn0003313,CLEC002875-PA
C_lectularius,93,0.654930,163,sala-PA,FBpp0079824,FBgn0003313,CLEC002875-PA
C_lectularius,57,0.401408,168,sala-PA,FBpp0079824,FBgn0003313,CLEC002876-PA
C_lectularius,120,0.845070,171,sala-PA,FBpp0079824,FBgn0003313,CLEC002876-PA
C_lectularius,112,0.788732,173,sala-PA,FBpp0079824,FBgn0003313,CLEC002876-PA
C_lectularius,120,0.845070,176,sala-PA,FBpp0079824,FBgn0003313,CLEC002875-PA
C_lectularius,86,0.605634,177,sala-PA,FBpp0079824,FBgn0003313,CLEC002876-PA
C_lectularius,84,0.591549,182,sala-PA,FBpp0079824,FBgn0003313,CLEC002876-PA
G_buenoi,376,0.366115,563,Iswi-PA,FBpp0086954,FBgn0011604,GBUE002640-PA
G_buenoi,315,0.306719,569,Iswi-PA,FBpp0086954,FBgn0011604,GBUE005066-PA
G_buenoi,249,0.242454,583,Iswi-PA,FBpp0086954,FBgn0011604,GBUE020866-PA
G_buenoi,434,0.422590,601,Iswi-PA,FBpp0086954,FBgn0011604,GBUE007604-PA
G_buenoi,444,0.432327,640,Iswi-PA,FBpp0086954,FBgn0011604,GBUE016829-PA
G_buenoi,480,0.467381,647,Iswi-PA,FBpp0086954,FBgn0011604,GBUE018162-PA
G_buenoi,396,0.385589,861,Iswi-PA,FBpp0086954,FBgn0011604,GBUE001102-PA
G_buenoi,676,0.658228,893,Iswi-PA,FBpp0086954,FBgn0011604,GBUE021294-PA
G_buenoi,590,0.574489,1120,Iswi-PA,FBpp0086954,FBgn0011604,GBUE001071-PA
G_buenoi,1002,0.975657,4084,Iswi-PA,FBpp0086954,FBgn0011604,GBUE010322-PA
M_extradentata,377,0.297553,286,salr-PA,FBpp0079822,FBgn0000287,Medex_00018894-RA
M_extradentata,362,0.285714,288,salr-PA,FBpp0079822,FBgn0000287,Medex_00015926-RA
M_extradentata,343,0.270718,289,salr-PA,FBpp0079822,FBgn0000287,Medex_00018894-RA
M_extradentata,768,0.606156,296,salr-PA,FBpp0079822,FBgn0000287,Medex_00015926-RA
M_extradentata,769,0.606946,301,salr-PA,FBpp0079822,FBgn0000287,Medex_00015926-RA
M_extradentata,370,0.292028,310,salr-PA,FBpp0079822,FBgn0000287,Medex_00039283-RA
M_extradentata,786,0.620363,321,salr-PA,FBpp0079822,FBgn0000287,Medex_00015926-RA
M_extradentata,769,0.606946,330,salr-PA,FBpp0079822,FBgn0000287,Medex_00015926-RA
M_extradentata,246,0.194159,444,salr-PA,FBpp0079822,FBgn0000287,Medex_00049849-RA
M_extradentata,616,0.486188,883,salr-PA,FBpp0079822,FBgn0000287,Medex_00049848-RA
C_lectularius,121,0.321809,125,exd-PA,FBpp0073940,FBgn0000611,CLEC009744-PA
C_lectularius,50,0.132979,126,exd-PA,FBpp0073940,FBgn0000611,CLEC025153-PA
C_lectularius,87,0.231383,127,exd-PA,FBpp0073940,FBgn0000611,CLEC008620-PA
C_lectularius,85,0.226064,132,exd-PA,FBpp0073940,FBgn0000611,CLEC002786-PA
C_lectularius,77,0.204787,133,exd-PA,FBpp0073940,FBgn0000611,CLEC008329-PA
C_lectularius,65,0.172872,135,exd-PA,FBpp0073940,FBgn0000611,CLEC006477-PA
C_lectularius,143,0.380319,135,exd-PA,FBpp0073940,FBgn0000611,CLEC009091-PA
C_lectularius,64,0.170213,152,exd-PA,FBpp0073940,FBgn0000611,CLEC008623-PA
C_lectularius,65,0.172872,316,exd-PA,FBpp0073940,FBgn0000611,CLEC008621-PA
C_lectularius,79,0.210106,371,exd-PA,FBpp0073940,FBgn0000611,CLEC008620-PA
C_lectularius,417,0.785311,100,Dark-PA,FBpp0086121,FBgn0263864,CLEC003233-PA
C_lectularius,244,0.459510,108,Dark-PA,FBpp0086121,FBgn0263864,CLEC008645-PA
G_buenoi,91,0.109771,192,Eip74EF-PA,FBpp0074965,FBgn0000567,GBUE012840-PA
G_buenoi,356,0.429433,215,Eip74EF-PA,FBpp0074965,FBgn0000567,GBUE012840-PA
G_buenoi,93,0.112183,234,Eip74EF-PA,FBpp0074965,FBgn0000567,GBUE002554-PA
G_buenoi,89,0.107358,264,Eip74EF-PA,FBpp0074965,FBgn0000567,GBUE003995-PA
G_buenoi,95,0.114596,286,Eip74EF-PA,FBpp0074965,FBgn0000567,GBUE009776-PA
G_buenoi,237,0.285887,317,Eip74EF-PA,FBpp0074965,FBgn0000567,GBUE009916-PA
G_buenoi,127,0.153197,339,Eip74EF-PA,FBpp0074965,FBgn0000567,GBUE005058-PA
G_buenoi,155,0.186972,625,Eip74EF-PA,FBpp0074965,FBgn0000567,GBUE008361-PA
D_simulans,465,0.452775,741,Iswi-PA,FBpp0086954,FBgn0011604,FBpp0220729
D_simulans,333,0.324245,761,Iswi-PA,FBpp0086954,FBgn0011604,FBpp0209990
D_simulans,549,0.534567,1042,Iswi-PA,FBpp0086954,FBgn0011604,FBpp0323961
D_simulans,549,0.534567,1042,Iswi-PA,FBpp0086954,FBgn0011604,FBpp0325704
D_simulans,557,0.542356,1097,Iswi-PA,FBpp0086954,FBgn0011604,FBpp0213203
D_simulans,865,0.842259,1118,Iswi-PA,FBpp0086954,FBgn0011604,FBpp0314319
D_simulans,606,0.590068,1144,Iswi-PA,FBpp0086954,FBgn0011604,FBpp0324034
D_simulans,570,0.555015,1249,Iswi-PA,FBpp0086954,FBgn0011604,FBpp0328105
D_simulans,1027,1.000000,5049,Iswi-PA,FBpp0086954,FBgn0011604,FBpp0317850
D_simulans,1027,1.000000,5049,Iswi-PA,FBpp0086954,FBgn0011604,FBpp0328880
D_simulans,77,0.197943,304,Ubx-PA,FBpp0082793,FBgn0003944,FBpp0324083
D_simulans,77,0.197943,304,Ubx-PA,FBpp0082793,FBgn0003944,FBpp0327009
D_simulans,77,0.197943,304,Ubx-PA,FBpp0082793,FBgn0003944,FBpp0327736
D_simulans,77,0.197943,322,Ubx-PA,FBpp0082793,FBgn0003944,FBpp0217917
D_simulans,77,0.197943,322,Ubx-PA,FBpp0082793,FBgn0003944,FBpp0316009
D_simulans,77,0.197943,322,Ubx-PA,FBpp0082793,FBgn0003944,FBpp0321402
D_simulans,77,0.197943,322,Ubx-PA,FBpp0082793,FBgn0003944,FBpp0325416
D_simulans,130,0.334190,354,Ubx-PA,FBpp0082793,FBgn0003944,FBpp0317385
D_simulans,278,0.714653,361,Ubx-PA,FBpp0082793,FBgn0003944,FBpp0314200
D_simulans,278,0.714653,361,Ubx-PA,FBpp0082793,FBgn0003944,FBpp0324935
G_buenoi,214,0.403013,111,Dark-PA,FBpp0086121,FBgn0263864,GBUE011163-PA
G_buenoi,187,0.352166,113,Dark-PA,FBpp0086121,FBgn0263864,GBUE007168-PA
M_extradentata,201,0.236749,222,EcR-PA,FBpp0085349,FBgn0000546,Medex_00027030-RA
M_extradentata,85,0.100118,248,EcR-PA,FBpp0085349,FBgn0000546,Medex_00088612-RA
M_extradentata,241,0.283863,264,EcR-PA,FBpp0085349,FBgn0000546,Medex_00060309-RA
M_extradentata,339,0.399293,278,EcR-PA,FBpp0085349,FBgn0000546,Medex_00024257-RA
M_extradentata,215,0.253239,283,EcR-PA,FBpp0085349,FBgn0000546,Medex_00031255-RA
M_extradentata,156,0.183746,299,EcR-PA,FBpp0085349,FBgn0000546,Medex_00103731-RA
M_extradentata,167,0.196702,311,EcR-PA,FBpp0085349,FBgn0000546,Medex_00015860-RA
M_extradentata,427,0.502945,1289,EcR-PA,FBpp0085349,FBgn0000546,Medex_00015863-RA
C_hookeri,84,0.165354,250,usp-PA,FBpp0070332,FBgn0003964,maker-scaffold8509-size73075-augustus-gene-0.2-mRNA-1
C_hookeri,86,0.169291,253,usp-PA,FBpp0070332,FBgn0003964,maker-scaffold9822-size45309-augustus-gene-0.2-mRNA-1
C_hookeri,153,0.301181,254,usp-PA,FBpp0070332,FBgn0003964,maker-scaffold37237-size6177-augustus-gene-0.1-mRNA-1
C_hookeri,70,0.137795,292,usp-PA,FBpp0070332,FBgn0003964,maker-scaffold4454-size204149-augustus-gene-1.5-mRNA-1
C_hookeri,172,0.338583,296,usp-PA,FBpp0070332,FBgn0003964,maker-scaffold811-size664638-augustus-gene-5.3-mRNA-1
C_hookeri,254,0.500000,316,usp-PA,FBpp0070332,FBgn0003964,maker-scaffold389-size1115929-augustus-gene-10.2-mRNA-1
C_hookeri,454,0.893701,358,usp-PA,FBpp0070332,FBgn0003964,maker-scaffold57-size1648567-augustus-gene-2.1-mRNA-1
C_hookeri,395,0.777559,384,usp-PA,FBpp0070332,FBgn0003964,maker-scaffold2708-size326647-augustus-gene-1.2-mRNA-1
C_hookeri,395,0.777559,412,usp-PA,FBpp0070332,FBgn0003964,maker-scaffold548-size808714-augustus-gene-3.3-mRNA-1
C_hookeri,211,0.415354,488,usp-PA,FBpp0070332,FBgn0003964,maker-scaffold545-size797847-augustus-gene-1.2-mRNA-1
G_buenoi,529,0.623086,274,EcR-PA,FBpp0085349,FBgn0000546,GBUE013140-PA
G_buenoi,94,0.110718,277,EcR-PA,FBpp0085349,FBgn0000546,GBUE021241-PA
G_buenoi,86,0.101296,284,EcR-PA,FBpp0085349,FBgn0000546,GBUE020953-PA
G_buenoi,317,0.373380,286,EcR-PA,FBpp0085349,FBgn0000546,GBUE021207-PA
G_buenoi,370,0.435807,293,EcR-PA,FBpp0085349,FBgn0000546,GBUE021048-PA
G_buenoi,390,0.459364,313,EcR-PA,FBpp0085349,FBgn0000546,GBUE000604-PA
G_buenoi,375,0.441696,332,EcR-PA,FBpp0085349,FBgn0000546,GBUE021057-PA
G_buenoi,408,0.480565,347,EcR-PA,FBpp0085349,FBgn0000546,GBUE021020-PA
G_buenoi,346,0.407538,1116,EcR-PA,FBpp0085349,FBgn0000546,GBUE004915-PB
G_buenoi,388,0.457008,1184,EcR-PA,FBpp0085349,FBgn0000546,GBUE004915-PA
C_hookeri,86,0.107098,251,ftz-f1-PA,FBpp0074854,FBgn0001078,maker-scaffold37237-size6177-augustus-gene-0.1-mRNA-1
C_hookeri,86,0.107098,251,ftz-f1-PA,FBpp0074854,FBgn0001078,maker-scaffold9822-size45309-augustus-gene-0.2-mRNA-1
C_hookeri,183,0.227895,302,ftz-f1-PA,FBpp0074854,FBgn0001078,maker-scaffold545-size797847-augustus-gene-1.2-mRNA-1
C_hookeri,143,0.178082,309,ftz-f1-PA,FBpp0074854,FBgn0001078,maker-scaffold548-size808714-augustus-gene-3.3-mRNA-1
C_hookeri,113,0.140722,314,ftz-f1-PA,FBpp0074854,FBgn0001078,maker-scaffold811-size664638-augustus-gene-5.3-mRNA-1
C_hookeri,160,0.199253,380,ftz-f1-PA,FBpp0074854,FBgn0001078,maker-scaffold57-size1648567-augustus-gene-2.1-mRNA-1
C_hookeri,169,0.210461,715,ftz-f1-PA,FBpp0074854,FBgn0001078,augustus-scaffold1140-size601982-processed-gene-2.1-mRNA-1
D_simulans,155,1.000000,749,CCAP-PA,FBpp0083726,FBgn0039007,FBpp0216837
M_extradentata,185,0.223160,150,Eip74EF-PA,FBpp0074965,FBgn0000567,Medex_00032111-RA
M_extradentata,221,0.266586,150,Eip74EF-PA,FBpp0074965,FBgn0000567,Medex_00059238-RA
M_extradentata,230,0.277443,153,Eip74EF-PA,FBpp0074965,FBgn0000567,Medex_00022200-RA
M_extradentata,308,0.371532,155,Eip74EF-PA,FBpp0074965,FBgn0000567,Medex_00103380-RA
M_extradentata,201,0.242461,174,Eip74EF-PA,FBpp0074965,FBgn0000567,Medex_00032111-RA
M_extradentata,99,0.119421,271,Eip74EF-PA,FBpp0074965,FBgn0000567,Medex_00015978-RA
M_extradentata,93,0.112183,286,Eip74EF-PA,FBpp0074965,FBgn0000567,Medex_00017035-RA
M_extradentata,83,0.100121,289,Eip74EF-PA,FBpp0074965,FBgn0000567,Medex_00076132-RA
M_extradentata,168,0.202654,330,Eip74EF-PA,FBpp0074965,FBgn0000567,Medex_00014867-RA
M_extradentata,129,0.155609,467,Eip74EF-PA,FBpp0074965,FBgn0000567,Medex_00044824-RA
C_lectularius,287,0.408832,381,br-PA,FBpp0070255,FBgn0283451,CLEC008517-PA
C_lectularius,169,0.240741,395,br-PA,FBpp0070255,FBgn0283451,CLEC007268-PA
C_lectularius,114,0.162393,398,br-PA,FBpp0070255,FBgn0283451,CLEC013124-PA
C_lectularius,116,0.165242,407,br-PA,FBpp0070255,FBgn0283451,CLEC007046-PA
C_lectularius,123,0.175214,410,br-PA,FBpp0070255,FBgn0283451,CLEC012805-PA
C_lectularius,239,0.340456,415,br-PA,FBpp0070255,FBgn0283451,CLEC000821-PA
C_lectularius,393,0.559829,431,br-PA,FBpp0070255,FBgn0283451,CLEC025389-PA
C_lectularius,363,0.517094,435,br-PA,FBpp0070255,FBgn0283451,CLEC025251-PA
C_lectularius,363,0.517094,435,br-PA,FBpp0070255,FBgn0283451,CLEC025251-PB
C_lectularius,161,0.229345,560,br-PA,FBpp0070255,FBgn0283451,CLEC009497-PA
C_hookeri,183,0.260684,361,br-PA,FBpp0070255,FBgn0283451,maker-scaffold344-size959179-augustus-gene-4.4-mRNA-1
C_hookeri,147,0.209402,361,br-PA,FBpp0070255,FBgn0283451,maker-scaffold469-size850856-augustus-gene-7.14-mRNA-1
C_hookeri,119,0.169516,373,br-PA,FBpp0070255,FBgn0283451,maker-scaffold2953-size302469-augustus-gene-2.4-mRNA-1
C_hookeri,189,0.269231,377,br-PA,FBpp0070255,FBgn0283451,maker-scaffold2892-size307721-augustus-gene-2.3-mRNA-1
C_hookeri,237,0.337607,377,br-PA,FBpp0070255,FBgn0283451,maker-scaffold4790-size194163-augustus-gene-0.5-mRNA-1
C_hookeri,251,0.357550,380,br-PA,FBpp0070255,FBgn0283451,maker-scaffold325-size972641-augustus-gene-7.10-mRNA-1
C_hookeri,189,0.269231,382,br-PA,FBpp0070255,FBgn0283451,maker-scaffold8463-size69545-augustus-gene-0.2-mRNA-1
C_hookeri,212,0.301994,390,br-PA,FBpp0070255,FBgn0283451,augustus-scaffold63-size1621153-processed-gene-11.1-mRNA-1
C_hookeri,209,0.297721,407,br-PA,FBpp0070255,FBgn0283451,maker-scaffold63-size1621153-augustus-gene-13.2-mRNA-1
C_hookeri,268,0.381766,425,br-PA,FBpp0070255,FBgn0283451,maker-scaffold1138-size564540-augustus-gene-1.4-mRNA-1
C_hookeri,206,0.242638,226,EcR-PA,FBpp0085349,FBgn0000546,maker-scaffold4454-size204149-augustus-gene-1.6-mRNA-1
C_hookeri,95,0.111896,229,EcR-PA,FBpp0085349,FBgn0000546,maker-scaffold37237-size6177-augustus-gene-0.1-mRNA-1
C_hookeri,158,0.186101,238,EcR-PA,FBpp0085349,FBgn0000546,maker-scaffold811-size664638-augustus-gene-5.3-mRNA-1
C_hookeri,94,0.110718,305,EcR-PA,FBpp0085349,FBgn0000546,maker-scaffold548-size808714-augustus-gene-3.3-mRNA-1
C_hookeri,397,0.467609,413,EcR-PA,FBpp0085349,FBgn0000546,maker-scaffold2708-size326647-augustus-gene-1.2-mRNA-1
C_hookeri,425,0.500589,1357,EcR-PA,FBpp0085349,FBgn0000546,maker-scaffold389-size1115929-augustus-gene-10.2-mRNA-1
C_hookeri,192,0.587156,101,Dll-PA,FBpp0072286,FBgn0000157,maker-scaffold464-size859793-augustus-gene-5.1-mRNA-1
C_hookeri,107,0.327217,102,Dll-PA,FBpp0072286,FBgn0000157,maker-scaffold2005-size415152-augustus-gene-3.3-mRNA-1
C_hookeri,109,0.333333,106,Dll-PA,FBpp0072286,FBgn0000157,maker-scaffold5793-size146503-augustus-gene-0.4-mRNA-1
C_hookeri,118,0.360856,107,Dll-PA,FBpp0072286,FBgn0000157,maker-scaffold749-size687186-augustus-gene-2.3-mRNA-1
C_hookeri,109,0.333333,126,Dll-PA,FBpp0072286,FBgn0000157,maker-scaffold577-size1394770-augustus-gene-4.2-mRNA-1
C_hookeri,79,0.241590,191,Dll-PA,FBpp0072286,FBgn0000157,maker-scaffold5334-size178103-augustus-gene-0.7-mRNA-1
C_hookeri,153,0.467890,202,Dll-PA,FBpp0072286,FBgn0000157,maker-scaffold740-size695741-augustus-gene-1.8-mRNA-1
C_lectularius,531,0.389011,223,salm-PA,FBpp0088852,FBgn0261648,CLEC002110-PA
C_lectularius,408,0.298901,223,salm-PA,FBpp0088852,FBgn0261648,CLEC012059-PA
C_lectularius,479,0.350916,226,salm-PA,FBpp0088852,FBgn0261648,CLEC001409-PA
C_lectularius,1129,0.827106,230,salm-PA,FBpp0088852,FBgn0261648,CLEC001747-PA
C_lectularius,1181,0.865201,230,salm-PA,FBpp0088852,FBgn0261648,CLEC001747-PA
C_lectularius,175,0.128205,235,salm-PA,FBpp0088852,FBgn0261648,CLEC007076-PA
C_lectularius,1234,0.904029,240,salm-PA,FBpp0088852,FBgn0261648,CLEC001747-PA
C_lectularius,339,0.248352,261,salm-PA,FBpp0088852,FBgn0261648,CLEC009125-PA
C_lectularius,399,0.469965,258,EcR-PA,FBpp0085349,FBgn0000546,CLEC025112-PA
C_lectularius,104,0.122497,265,EcR-PA,FBpp0085349,FBgn0000546,CLEC025067-PA
C_lectularius,133,0.156655,273,EcR-PA,FBpp0085349,FBgn0000546,CLEC005164-PA
C_lectularius,179,0.210836,276,EcR-PA,FBpp0085349,FBgn0000546,CLEC005658-PA
C_lectularius,181,0.213192,284,EcR-PA,FBpp0085349,FBgn0000546,CLEC003430-PA
C_lectularius,464,0.546525,322,EcR-PA,FBpp0085349,FBgn0000546,CLEC003396-PA
C_lectularius,399,0.469965,353,EcR-PA,FBpp0085349,FBgn0000546,CLEC000589-PA
C_lectularius,372,0.438163,356,EcR-PA,FBpp0085349,FBgn0000546,CLEC001111-PA
C_lectularius,493,0.580683,365,EcR-PA,FBpp0085349,FBgn0000546,CLEC025114-PA
C_lectularius,429,0.505300,1437,EcR-PA,FBpp0085349,FBgn0000546,CLEC002129-PA
M_extradentata,62,0.639175,228,Eh-PA,FBpp0082885,FBgn0000564,Medex_00037472-RA
G_buenoi,59,0.126068,165,wg-PA,FBpp0079060,FBgn0284084,GBUE019171-PA
G_buenoi,93,0.198718,184,wg-PA,FBpp0079060,FBgn0284084,GBUE012582-PA
G_buenoi,147,0.314103,270,wg-PA,FBpp0079060,FBgn0284084,GBUE019171-PA
G_buenoi,97,0.207265,314,wg-PA,FBpp0079060,FBgn0284084,GBUE021306-PA
G_buenoi,205,0.438034,320,wg-PA,FBpp0079060,FBgn0284084,GBUE012582-PA
G_buenoi,114,0.243590,348,wg-PA,FBpp0079060,FBgn0284084,GBUE000550-PA
G_buenoi,223,0.476496,477,wg-PA,FBpp0079060,FBgn0284084,GBUE021306-PA
G_buenoi,237,0.506410,534,wg-PA,FBpp0079060,FBgn0284084,GBUE000550-PA
G_buenoi,413,0.882479,1177,wg-PA,FBpp0079060,FBgn0284084,GBUE021292-PA
D_simulans,89,0.626761,175,sala-PA,FBpp0079824,FBgn0003313,FBpp0222126
D_simulans,78,0.549296,178,sala-PA,FBpp0079824,FBgn0003313,FBpp0318860
D_simulans,85,0.598592,184,sala-PA,FBpp0079824,FBgn0003313,FBpp0220640
D_simulans,96,0.676056,185,sala-PA,FBpp0079824,FBgn0003313,FBpp0220640
D_simulans,86,0.605634,187,sala-PA,FBpp0079824,FBgn0003313,FBpp0218890
D_simulans,88,0.619718,187,sala-PA,FBpp0079824,FBgn0003313,FBpp0218890
D_simulans,113,0.795775,219,sala-PA,FBpp0079824,FBgn0003313,FBpp0222180
D_simulans,120,0.845070,221,sala-PA,FBpp0079824,FBgn0003313,FBpp0222180
D_simulans,111,0.781690,226,sala-PA,FBpp0079824,FBgn0003313,FBpp0318860
D_simulans,142,1.000000,690,sala-PA,FBpp0079824,FBgn0003313,FBpp0222180
M_extradentata,187,0.266382,373,br-PA,FBpp0070255,FBgn0283451,Medex_00044649-RA
M_extradentata,119,0.169516,374,br-PA,FBpp0070255,FBgn0283451,Medex_00035657-RA
M_extradentata,116,0.165242,374,br-PA,FBpp0070255,FBgn0283451,Medex_00099153-RA
M_extradentata,343,0.488604,379,br-PA,FBpp0070255,FBgn0283451,Medex_00080928-RA
M_extradentata,132,0.188034,390,br-PA,FBpp0070255,FBgn0283451,Medex_00020237-RA
M_extradentata,149,0.212251,395,br-PA,FBpp0070255,FBgn0283451,Medex_00017075-RA
M_extradentata,365,0.519943,408,br-PA,FBpp0070255,FBgn0283451,Medex_00060547-RA
M_extradentata,271,0.386040,418,br-PA,FBpp0070255,FBgn0283451,Medex_00067579-RA
M_extradentata,298,0.424501,422,br-PA,FBpp0070255,FBgn0283451,Medex_00066470-RA
M_extradentata,94,0.133903,445,br-PA,FBpp0070255,FBgn0283451,Medex_00045157-RA
C_lectularius,75,0.147638,294,usp-PA,FBpp0070332,FBgn0003964,CLEC025067-PA
C_lectularius,453,0.891732,295,usp-PA,FBpp0070332,FBgn0003964,CLEC002129-PA
C_lectularius,93,0.183071,334,usp-PA,FBpp0070332,FBgn0003964,CLEC008419-PA
C_lectularius,388,0.763780,343,usp-PA,FBpp0070332,FBgn0003964,CLEC025112-PA
C_lectularius,155,0.305118,349,usp-PA,FBpp0070332,FBgn0003964,CLEC005658-PA
C_lectularius,409,0.805118,370,usp-PA,FBpp0070332,FBgn0003964,CLEC003430-PA
C_lectularius,392,0.771654,379,usp-PA,FBpp0070332,FBgn0003964,CLEC003396-PA
C_lectularius,417,0.820866,431,usp-PA,FBpp0070332,FBgn0003964,CLEC001111-PA
C_lectularius,408,0.803150,441,usp-PA,FBpp0070332,FBgn0003964,CLEC009113-PA
C_lectularius,446,0.877953,866,usp-PA,FBpp0070332,FBgn0003964,CLEC005164-PA
G_buenoi,242,0.191002,225,salr-PA,FBpp0079822,FBgn0000287,GBUE009624-PA
G_buenoi,501,0.395422,231,salr-PA,FBpp0079822,FBgn0000287,GBUE002607-PA
G_buenoi,339,0.267561,234,salr-PA,FBpp0079822,FBgn0000287,GBUE000522-PA
G_buenoi,428,0.337806,236,salr-PA,FBpp0079822,FBgn0000287,GBUE009055-PA
G_buenoi,768,0.606156,237,salr-PA,FBpp0079822,FBgn0000287,GBUE000267-PA
G_buenoi,345,0.272297,249,salr-PA,FBpp0079822,FBgn0000287,GBUE005606-PA
G_buenoi,356,0.280979,273,salr-PA,FBpp0079822,FBgn0000287,GBUE000522-PA
G_buenoi,1101,0.868982,1200,salr-PA,FBpp0079822,FBgn0000287,GBUE002607-PA
G_buenoi,152,0.216524,368,br-PA,FBpp0070255,FBgn0283451,GBUE009904-PA
G_buenoi,201,0.286325,385,br-PA,FBpp0070255,FBgn0283451,GBUE002770-PA
G_buenoi,115,0.163818,397,br-PA,FBpp0070255,FBgn0283451,GBUE003001-PA
G_buenoi,271,0.386040,399,br-PA,FBpp0070255,FBgn0283451,GBUE018465-PA
G_buenoi,189,0.269231,403,br-PA,FBpp0070255,FBgn0283451,GBUE007702-PA
G_buenoi,278,0.396011,412,br-PA,FBpp0070255,FBgn0283451,GBUE001543-PA
G_buenoi,212,0.301994,430,br-PA,FBpp0070255,FBgn0283451,GBUE005702-PA
G_buenoi,271,0.386040,435,br-PA,FBpp0070255,FBgn0283451,GBUE009398-PA
G_buenoi,322,0.458689,442,br-PA,FBpp0070255,FBgn0283451,GBUE021143-PA
G_buenoi,124,0.176638,545,br-PA,FBpp0070255,FBgn0283451,GBUE006286-PA
M_extradentata,41,0.236994,177,Burs-PA,FBpp0083529,FBgn0038901,Medex_00072321-RA
M_extradentata,52,0.300578,198,Burs-PA,FBpp0083529,FBgn0038901,Medex_00086409-RA
C_lectularius,103,0.314985,198,Dll-PA,FBpp0072286,FBgn0000157,CLEC011407-PA
C_lectularius,90,0.275229,205,Dll-PA,FBpp0072286,FBgn0000157,CLEC001889-PA
C_lectularius,85,0.259939,208,Dll-PA,FBpp0072286,FBgn0000157,CLEC002972-PA
C_lectularius,133,0.406728,210,Dll-PA,FBpp0072286,FBgn0000157,CLEC004176-PA
C_lectularius,141,0.431193,211,Dll-PA,FBpp0072286,FBgn0000157,CLEC011186-PA
C_lectularius,171,0.522936,215,Dll-PA,FBpp0072286,FBgn0000157,CLEC002970-PA
C_lectularius,148,0.452599,215,Dll-PA,FBpp0072286,FBgn0000157,CLEC009091-PA
C_lectularius,233,0.712538,234,Dll-PA,FBpp0072286,FBgn0000157,CLEC001685-PA
C_lectularius,119,0.363914,239,Dll-PA,FBpp0072286,FBgn0000157,CLEC003991-PA
C_lectularius,61,0.186544,277,Dll-PA,FBpp0072286,FBgn0000157,CLEC003990-PA
G_buenoi,119,0.148194,293,ftz-f1-PA,FBpp0074854,FBgn0001078,GBUE000604-PA
G_buenoi,126,0.156912,313,ftz-f1-PA,FBpp0074854,FBgn0001078,GBUE021057-PA
G_buenoi,154,0.191781,315,ftz-f1-PA,FBpp0074854,FBgn0001078,GBUE021207-PA
G_buenoi,85,0.105853,317,ftz-f1-PA,FBpp0074854,FBgn0001078,GBUE008299-PA
G_buenoi,192,0.239103,317,ftz-f1-PA,FBpp0074854,FBgn0001078,GBUE021207-PA
G_buenoi,145,0.180573,333,ftz-f1-PA,FBpp0074854,FBgn0001078,GBUE021020-PA
G_buenoi,234,0.291407,335,ftz-f1-PA,FBpp0074854,FBgn0001078,GBUE013140-PA
G_buenoi,103,0.128269,400,ftz-f1-PA,FBpp0074854,FBgn0001078,GBUE013140-PA
G_buenoi,559,0.696139,1419,ftz-f1-PA,FBpp0074854,FBgn0001078,GBUE021048-PA
G_buenoi,62,0.400000,150,CCAP-PA,FBpp0083726,FBgn0039007,GBUE001825-PA
C_hookeri,112,0.297872,109,exd-PA,FBpp0073940,FBgn0000611,maker-scaffold740-size695741-augustus-gene-1.8-mRNA-1
C_hookeri,59,0.156915,121,exd-PA,FBpp0073940,FBgn0000611,maker-scaffold5040-size175694-augustus-gene-0.2-mRNA-1
C_hookeri,137,0.364362,161,exd-PA,FBpp0073940,FBgn0000611,maker-scaffold845-size653622-augustus-gene-5.4-mRNA-1
D_simulans,885,0.648352,331,salm-PA,FBpp0088852,FBgn0261648,FBpp0314007
D_simulans,885,0.648352,331,salm-PA,FBpp0088852,FBgn0261648,FBpp0324976
D_simulans,913,0.668864,338,salm-PA,FBpp0088852,FBgn0261648,FBpp0320687
D_simulans,885,0.648352,355,salm-PA,FBpp0088852,FBgn0261648,FBpp0319748
D_simulans,913,0.668864,362,salm-PA,FBpp0088852,FBgn0261648,FBpp0317618
D_simulans,1230,0.901099,388,salm-PA,FBpp0088852,FBgn0261648,FBpp0314555
D_simulans,1219,0.893040,419,salm-PA,FBpp0088852,FBgn0261648,FBpp0314555
D_simulans,1230,0.901099,767,salm-PA,FBpp0088852,FBgn0261648,FBpp0222178
D_simulans,1230,0.901099,767,salm-PA,FBpp0088852,FBgn0261648,FBpp0321371
D_simulans,1365,1.000000,6033,salm-PA,FBpp0088852,FBgn0261648,FBpp0314555
C_lectularius,90,0.112080,287,ftz-f1-PA,FBpp0074854,FBgn0001078,CLEC001111-PA
C_lectularius,81,0.100872,296,ftz-f1-PA,FBpp0074854,FBgn0001078,CLEC003430-PA
C_lectularius,234,0.291407,303,ftz-f1-PA,FBpp0074854,FBgn0001078,CLEC025067-PA
C_lectularius,194,0.241594,324,ftz-f1-PA,FBpp0074854,FBgn0001078,CLEC005164-PA
C_lectularius,134,0.166874,334,ftz-f1-PA,FBpp0074854,FBgn0001078,CLEC005164-PA
C_lectularius,189,0.235367,339,ftz-f1-PA,FBpp0074854,FBgn0001078,CLEC005658-PA
C_lectularius,233,0.290162,340,ftz-f1-PA,FBpp0074854,FBgn0001078,CLEC003396-PA
C_lectularius,124,0.154421,387,ftz-f1-PA,FBpp0074854,FBgn0001078,CLEC009113-PA
C_lectularius,105,0.130760,397,ftz-f1-PA,FBpp0074854,FBgn0001078,CLEC003396-PA
D_simulans,299,0.914373,218,Dll-PA,FBpp0072286,FBgn0000157,FBpp0209949
D_simulans,255,0.779817,218,Dll-PA,FBpp0072286,FBgn0000157,FBpp0217825
D_simulans,116,0.354740,219,Dll-PA,FBpp0072286,FBgn0000157,FBpp0219843
D_simulans,212,0.648318,231,Dll-PA,FBpp0072286,FBgn0000157,FBpp0214070
D_simulans,188,0.574924,233,Dll-PA,FBpp0072286,FBgn0000157,FBpp0218872
D_simulans,188,0.574924,233,Dll-PA,FBpp0072286,FBgn0000157,FBpp0323040
D_simulans,107,0.327217,238,Dll-PA,FBpp0072286,FBgn0000157,FBpp0220136
D_simulans,322,0.984709,1490,Dll-PA,FBpp0072286,FBgn0000157,FBpp0325584
D_simulans,327,1.000000,1523,Dll-PA,FBpp0072286,FBgn0000157,FBpp0321004
D_simulans,327,1.000000,1631,Dll-PA,FBpp0072286,FBgn0000157,FBpp0210303
C_lectularius,189,0.557522,193,Drice-PA,FBpp0084848,FBgn0019972,CLEC012940-PA
C_lectularius,282,0.831858,658,Drice-PA,FBpp0084848,FBgn0019972,CLEC001510-PA
C_lectularius,269,0.793510,776,Drice-PA,FBpp0084848,FBgn0019972,CLEC006064-PA
D_simulans,109,0.131484,303,Eip74EF-PA,FBpp0074965,FBgn0000567,FBpp0315821
D_simulans,109,0.131484,303,Eip74EF-PA,FBpp0074965,FBgn0000567,FBpp0326775
D_simulans,534,0.644150,305,Eip74EF-PA,FBpp0074965,FBgn0000567,FBpp0324153
D_simulans,594,0.716526,373,Eip74EF-PA,FBpp0074965,FBgn0000567,FBpp0323369
D_simulans,692,0.834741,388,Eip74EF-PA,FBpp0074965,FBgn0000567,FBpp0323369
D_simulans,266,0.320869,400,Eip74EF-PA,FBpp0074965,FBgn0000567,FBpp0324348
D_simulans,266,0.320869,400,Eip74EF-PA,FBpp0074965,FBgn0000567,FBpp0328225
D_simulans,388,0.468034,408,Eip74EF-PA,FBpp0074965,FBgn0000567,FBpp0320948
D_simulans,388,0.468034,408,Eip74EF-PA,FBpp0074965,FBgn0000567,FBpp0323373
D_simulans,829,1.000000,3492,Eip74EF-PA,FBpp0074965,FBgn0000567,FBpp0323369
M_extradentata,297,0.138526,386,InR-PA,FBpp0083519,FBgn0283499,Medex_00038541-RA
M_extradentata,250,0.116604,397,InR-PA,FBpp0083519,FBgn0283499,Medex_00018954-RA
M_extradentata,235,0.109608,405,InR-PA,FBpp0083519,FBgn0283499,Medex_00056283-RA
M_extradentata,282,0.131530,517,InR-PA,FBpp0083519,FBgn0283499,Medex_00000178-RA
M_extradentata,832,0.388060,659,InR-PA,FBpp0083519,FBgn0283499,Medex_00067447-RA
M_extradentata,338,0.157649,683,InR-PA,FBpp0083519,FBgn0283499,Medex_00024483-RA
M_extradentata,743,0.346549,706,InR-PA,FBpp0083519,FBgn0283499,Medex_00078894-RA
M_extradentata,53,0.113248,136,wg-PA,FBpp0079060,FBgn0284084,Medex_00073497-RA
M_extradentata,77,0.164530,163,wg-PA,FBpp0079060,FBgn0284084,Medex_00076010-RA
M_extradentata,64,0.136752,168,wg-PA,FBpp0079060,FBgn0284084,Medex_00078680-RA
M_extradentata,101,0.215812,207,wg-PA,FBpp0079060,FBgn0284084,Medex_00066912-RA
M_extradentata,109,0.232906,218,wg-PA,FBpp0079060,FBgn0284084,Medex_00073498-RA
M_extradentata,48,0.102564,237,wg-PA,FBpp0079060,FBgn0284084,Medex_00073857-RA
M_extradentata,66,0.141026,239,wg-PA,FBpp0079060,FBgn0284084,Medex_00020049-RA
M_extradentata,97,0.207265,335,wg-PA,FBpp0079060,FBgn0284084,Medex_00066913-RA
M_extradentata,126,0.269231,349,wg-PA,FBpp0079060,FBgn0284084,Medex_00066913-RA
M_extradentata,142,0.303419,541,wg-PA,FBpp0079060,FBgn0284084,Medex_00073857-RA
D_simulans,213,0.265255,388,ftz-f1-PA,FBpp0074854,FBgn0001078,FBpp0211414
D_simulans,213,0.265255,388,ftz-f1-PA,FBpp0074854,FBgn0001078,FBpp0328252
D_simulans,775,0.965131,399,ftz-f1-PA,FBpp0074854,FBgn0001078,FBpp0312912
D_simulans,579,0.721046,415,ftz-f1-PA,FBpp0074854,FBgn0001078,FBpp0317726
D_simulans,570,0.709838,435,ftz-f1-PA,FBpp0074854,FBgn0001078,FBpp0222714
D_simulans,570,0.709838,435,ftz-f1-PA,FBpp0074854,FBgn0001078,FBpp0319817
D_simulans,570,0.709838,435,ftz-f1-PA,FBpp0074854,FBgn0001078,FBpp0320850
D_simulans,570,0.709838,435,ftz-f1-PA,FBpp0074854,FBgn0001078,FBpp0321088
D_simulans,570,0.709838,435,ftz-f1-PA,FBpp0074854,FBgn0001078,FBpp0323385
D_simulans,757,0.942715,2996,ftz-f1-PA,FBpp0074854,FBgn0001078,FBpp0210729
C_lectularius,120,0.693642,628,Burs-PA,FBpp0083529,FBgn0038901,CLEC011727-PA
C_lectularius,53,0.546392,228,Eh-PA,FBpp0082885,FBgn0000564,CLEC002327-PA
M_extradentata,67,0.121377,160,en-PA,FBpp0087198,FBgn0000577,Medex_00089546-RA
M_extradentata,57,0.103261,166,en-PA,FBpp0087198,FBgn0000577,Medex_00090185-RA
M_extradentata,66,0.119565,169,en-PA,FBpp0087198,FBgn0000577,Medex_00101034-RA
M_extradentata,88,0.159420,171,en-PA,FBpp0087198,FBgn0000577,Medex_00079665-RA
M_extradentata,63,0.114130,171,en-PA,FBpp0087198,FBgn0000577,Medex_00091090-RA
M_extradentata,192,0.347826,173,en-PA,FBpp0087198,FBgn0000577,Medex_00096568-RA
M_extradentata,61,0.110507,176,en-PA,FBpp0087198,FBgn0000577,Medex_00061069-RA
M_extradentata,66,0.119565,177,en-PA,FBpp0087198,FBgn0000577,Medex_00093216-RA
M_extradentata,97,0.175725,183,en-PA,FBpp0087198,FBgn0000577,Medex_00096075-RA
M_extradentata,125,0.226449,193,en-PA,FBpp0087198,FBgn0000577,Medex_00100153-RA
D_simulans,69,0.147436,213,wg-PA,FBpp0079060,FBgn0284084,FBpp0321455
D_simulans,113,0.241453,314,wg-PA,FBpp0079060,FBgn0284084,FBpp0320956
D_simulans,113,0.241453,314,wg-PA,FBpp0079060,FBgn0284084,FBpp0321761
D_simulans,405,0.865385,405,wg-PA,FBpp0079060,FBgn0284084,FBpp0321455
D_simulans,205,0.438034,408,wg-PA,FBpp0079060,FBgn0284084,FBpp0220903
D_simulans,405,0.865385,416,wg-PA,FBpp0079060,FBgn0284084,FBpp0328571
D_simulans,249,0.532051,558,wg-PA,FBpp0079060,FBgn0284084,FBpp0320956
D_simulans,249,0.532051,558,wg-PA,FBpp0079060,FBgn0284084,FBpp0321761
D_simulans,406,0.867521,567,wg-PA,FBpp0079060,FBgn0284084,FBpp0221864
D_simulans,468,1.000000,2412,wg-PA,FBpp0079060,FBgn0284084,FBpp0324743
M_extradentata,90,0.177165,224,usp-PA,FBpp0070332,FBgn0003964,Medex_00015860-RA
M_extradentata,104,0.204724,228,usp-PA,FBpp0070332,FBgn0003964,Medex_00054496-RA
M_extradentata,115,0.226378,260,usp-PA,FBpp0070332,FBgn0003964,Medex_00016156-RA
M_extradentata,425,0.836614,271,usp-PA,FBpp0070332,FBgn0003964,Medex_00015863-RA
M_extradentata,69,0.135827,291,usp-PA,FBpp0070332,FBgn0003964,Medex_00088612-RA
M_extradentata,119,0.234252,310,usp-PA,FBpp0070332,FBgn0003964,Medex_00103731-RA
M_extradentata,114,0.224409,320,usp-PA,FBpp0070332,FBgn0003964,Medex_00012535-RA
M_extradentata,149,0.293307,347,usp-PA,FBpp0070332,FBgn0003964,Medex_00031255-RA
M_extradentata,234,0.460630,384,usp-PA,FBpp0070332,FBgn0003964,Medex_00024257-RA
M_extradentata,383,0.753937,713,usp-PA,FBpp0070332,FBgn0003964,Medex_00027030-RA
C_lectularius,272,0.126866,530,InR-PA,FBpp0083519,FBgn0283499,CLEC002864-PA
C_lectularius,287,0.133862,543,InR-PA,FBpp0083519,FBgn0283499,CLEC004007-PA
C_lectularius,296,0.138060,578,InR-PA,FBpp0083519,FBgn0283499,CLEC007160-PA
C_lectularius,291,0.135728,591,InR-PA,FBpp0083519,FBgn0283499,CLEC002931-PA
C_lectularius,292,0.136194,604,InR-PA,FBpp0083519,FBgn0283499,CLEC001461-PA
C_lectularius,339,0.158116,652,InR-PA,FBpp0083519,FBgn0283499,CLEC006430-PA
C_lectularius,317,0.147854,654,InR-PA,FBpp0083519,FBgn0283499,CLEC005237-PA
C_lectularius,315,0.146922,658,InR-PA,FBpp0083519,FBgn0283499,CLEC007368-PA
C_lectularius,1336,0.623134,1675,InR-PA,FBpp0083519,FBgn0283499,CLEC025326-PA
C_lectularius,1367,0.637593,1849,InR-PA,FBpp0083519,FBgn0283499,CLEC010029-PA
G_buenoi,57,0.146530,202,Ubx-PA,FBpp0082793,FBgn0003944,GBUE000630-PA
G_buenoi,223,0.573265,205,Ubx-PA,FBpp0082793,FBgn0003944,GBUE000143-PA
G_buenoi,86,0.221080,233,Ubx-PA,FBpp0082793,FBgn0003944,GBUE007923-PA
G_buenoi,85,0.218509,238,Ubx-PA,FBpp0082793,FBgn0003944,GBUE021125-PA
G_buenoi,178,0.457584,258,Ubx-PA,FBpp0082793,FBgn0003944,GBUE007864-PA
G_buenoi,79,0.203085,272,Ubx-PA,FBpp0082793,FBgn0003944,GBUE021126-PA
G_buenoi,111,0.285347,288,Ubx-PA,FBpp0082793,FBgn0003944,GBUE002421-PA
G_buenoi,229,0.588689,296,Ubx-PA,FBpp0082793,FBgn0003944,GBUE020981-PA
G_buenoi,96,0.246787,324,Ubx-PA,FBpp0082793,FBgn0003944,GBUE020982-PA
G_buenoi,270,0.694087,385,Ubx-PA,FBpp0082793,FBgn0003944,GBUE021017-PA
M_extradentata,130,0.383481,115,Drice-PA,FBpp0084848,FBgn0019972,Medex_00025322-RA
M_extradentata,56,0.165192,154,Drice-PA,FBpp0084848,FBgn0019972,Medex_00025323-RA
M_extradentata,72,0.212389,158,Drice-PA,FBpp0084848,FBgn0019972,Medex_00028410-RA
M_extradentata,182,0.536873,575,Drice-PA,FBpp0084848,FBgn0019972,Medex_00028409-RA
M_extradentata,269,0.793510,644,Drice-PA,FBpp0084848,FBgn0019972,Medex_00032916-RA
M_extradentata,293,0.864307,808,Drice-PA,FBpp0084848,FBgn0019972,Medex_00055157-RA
C_hookeri,79,0.233038,145,Drice-PA,FBpp0084848,FBgn0019972,maker-scaffold4228-size351917-augustus-gene-1.1-mRNA-1
C_hookeri,187,0.551622,667,Drice-PA,FBpp0084848,FBgn0019972,maker-scaffold5371-size166126-augustus-gene-0.8-mRNA-1
D_simulans,241,0.436594,210,en-PA,FBpp0087198,FBgn0000577,FBpp0210988
D_simulans,239,0.432971,210,en-PA,FBpp0087198,FBgn0000577,FBpp0214070
D_simulans,444,0.804348,211,en-PA,FBpp0087198,FBgn0000577,FBpp0320060
D_simulans,398,0.721014,215,en-PA,FBpp0087198,FBgn0000577,FBpp0224300
D_simulans,268,0.485507,218,en-PA,FBpp0087198,FBgn0000577,FBpp0322481
D_simulans,407,0.737319,225,en-PA,FBpp0087198,FBgn0000577,FBpp0224300
D_simulans,408,0.739130,246,en-PA,FBpp0087198,FBgn0000577,FBpp0321563
D_simulans,450,0.815217,266,en-PA,FBpp0087198,FBgn0000577,FBpp0219843
D_simulans,532,0.963768,529,en-PA,FBpp0087198,FBgn0000577,FBpp0327509
D_simulans,552,1.000000,2348,en-PA,FBpp0087198,FBgn0000577,FBpp0224300
C_lectularius,438,0.426485,498,Iswi-PA,FBpp0086954,FBgn0011604,CLEC000354-PA
C_lectularius,346,0.336904,502,Iswi-PA,FBpp0086954,FBgn0011604,CLEC007813-PA
C_lectularius,492,0.479065,640,Iswi-PA,FBpp0086954,FBgn0011604,CLEC000470-PA
C_lectularius,444,0.432327,672,Iswi-PA,FBpp0086954,FBgn0011604,CLEC000535-PA
C_lectularius,347,0.337877,745,Iswi-PA,FBpp0086954,FBgn0011604,CLEC003641-PA
C_lectularius,442,0.430380,1024,Iswi-PA,FBpp0086954,FBgn0011604,CLEC000944-PA
C_lectularius,568,0.553067,1063,Iswi-PA,FBpp0086954,FBgn0011604,CLEC005212-PA
C_lectularius,819,0.797468,1139,Iswi-PA,FBpp0086954,FBgn0011604,CLEC012646-PA
C_lectularius,570,0.555015,1230,Iswi-PA,FBpp0086954,FBgn0011604,CLEC012192-PA
C_lectularius,1026,0.999026,4224,Iswi-PA,FBpp0086954,FBgn0011604,CLEC009664-PA
C_hookeri,764,0.559707,224,salm-PA,FBpp0088852,FBgn0261648,maker-scaffold508-size828076-augustus-gene-1.4-mRNA-1
C_hookeri,340,0.249084,227,salm-PA,FBpp0088852,FBgn0261648,maker-scaffold3026-size295055-augustus-gene-0.1-mRNA-1
C_hookeri,267,0.195604,234,salm-PA,FBpp0088852,FBgn0261648,maker-scaffold508-size828076-augustus-gene-1.4-mRNA-1
C_hookeri,548,0.401465,248,salm-PA,FBpp0088852,FBgn0261648,maker-scaffold22-size1954011-augustus-gene-4.2-mRNA-1
C_hookeri,577,0.422711,281,salm-PA,FBpp0088852,FBgn0261648,maker-scaffold3026-size295055-augustus-gene-0.1-mRNA-1
C_hookeri,528,0.386813,298,salm-PA,FBpp0088852,FBgn0261648,maker-scaffold3026-size295055-augustus-gene-0.1-mRNA-1
C_hookeri,452,0.331136,312,salm-PA,FBpp0088852,FBgn0261648,maker-scaffold3026-size295055-augustus-gene-0.1-mRNA-1
C_hookeri,593,0.434432,730,salm-PA,FBpp0088852,FBgn0261648,maker-scaffold508-size828076-augustus-gene-1.4-mRNA-1
D_simulans,450,0.355170,285,salr-PA,FBpp0079822,FBgn0000287,FBpp0323410
D_simulans,450,0.355170,285,salr-PA,FBpp0079822,FBgn0000287,FBpp0325065
D_simulans,450,0.355170,285,salr-PA,FBpp0079822,FBgn0000287,FBpp0325934
D_simulans,1161,0.916338,310,salr-PA,FBpp0079822,FBgn0000287,FBpp0222178
D_simulans,1161,0.916338,310,salr-PA,FBpp0079822,FBgn0000287,FBpp0321371
D_simulans,1080,0.852407,314,salr-PA,FBpp0079822,FBgn0000287,FBpp0222178
D_simulans,1080,0.852407,314,salr-PA,FBpp0079822,FBgn0000287,FBpp0321371
D_simulans,1068,0.842936,773,salr-PA,FBpp0079822,FBgn0000287,FBpp0314555
D_simulans,1267,1.000000,5824,salr-PA,FBpp0079822,FBgn0000287,FBpp0222178
D_simulans,1267,1.000000,5824,salr-PA,FBpp0079822,FBgn0000287,FBpp0321371
C_lectularius,79,0.203085,217,Ubx-PA,FBpp0082793,FBgn0003944,CLEC012688-PA
C_lectularius,70,0.179949,218,Ubx-PA,FBpp0082793,FBgn0003944,CLEC008556-PA
C_lectularius,61,0.156812,223,Ubx-PA,FBpp0082793,FBgn0003944,CLEC001685-PA
C_lectularius,83,0.213368,244,Ubx-PA,FBpp0082793,FBgn0003944,CLEC025266-PA
C_lectularius,59,0.151671,273,Ubx-PA,FBpp0082793,FBgn0003944,CLEC001677-PA
C_lectularius,90,0.231362,276,Ubx-PA,FBpp0082793,FBgn0003944,CLEC025004-PA
C_lectularius,231,0.593830,293,Ubx-PA,FBpp0082793,FBgn0003944,CLEC025152-PA
C_lectularius,252,0.647815,338,Ubx-PA,FBpp0082793,FBgn0003944,CLEC025066-PA
C_lectularius,263,0.676093,370,Ubx-PA,FBpp0082793,FBgn0003944,CLEC025113-PA
C_lectularius,386,0.992288,441,Ubx-PA,FBpp0082793,FBgn0003944,CLEC025236-PA
G_buenoi,333,0.155317,420,InR-PA,FBpp0083519,FBgn0283499,GBUE007652-PA
G_buenoi,226,0.105410,431,InR-PA,FBpp0083519,FBgn0283499,GBUE011912-PA
G_buenoi,292,0.136194,443,InR-PA,FBpp0083519,FBgn0283499,GBUE002381-PA
G_buenoi,280,0.130597,451,InR-PA,FBpp0083519,FBgn0283499,GBUE000598-PA
G_buenoi,382,0.178172,600,InR-PA,FBpp0083519,FBgn0283499,GBUE015592-PA
G_buenoi,345,0.160914,648,InR-PA,FBpp0083519,FBgn0283499,GBUE000446-PA
G_buenoi,1228,0.572761,1288,InR-PA,FBpp0083519,FBgn0283499,GBUE020965-PA
G_buenoi,1141,0.532183,1428,InR-PA,FBpp0083519,FBgn0283499,GBUE021108-PA
G_buenoi,1349,0.629198,2053,InR-PA,FBpp0083519,FBgn0283499,GBUE019859-PA
G_buenoi,97,0.286136,104,Drice-PA,FBpp0084848,FBgn0019972,GBUE010585-PA
G_buenoi,66,0.194690,127,Drice-PA,FBpp0084848,FBgn0019972,GBUE014359-PA
G_buenoi,122,0.359882,141,Drice-PA,FBpp0084848,FBgn0019972,GBUE020128-PA
G_buenoi,331,0.976401,556,Drice-PA,FBpp0084848,FBgn0019972,GBUE009560-PA
C_hookeri,91,0.640845,129,sala-PA,FBpp0079824,FBgn0003313,maker-scaffold1420-size502615-augustus-gene-1.2-mRNA-1
C_hookeri,85,0.598592,129,sala-PA,FBpp0079824,FBgn0003313,maker-scaffold2470-size348950-augustus-gene-0.2-mRNA-1
C_hookeri,93,0.654930,130,sala-PA,FBpp0079824,FBgn0003313,maker-scaffold5131-size174542-augustus-gene-0.3-mRNA-1
C_hookeri,125,0.880282,131,sala-PA,FBpp0079824,FBgn0003313,maker-scaffold1420-size502615-augustus-gene-1.2-mRNA-1
C_hookeri,99,0.697183,133,sala-PA,FBpp0079824,FBgn0003313,maker-scaffold2833-size313339-augustus-gene-0.3-mRNA-1
C_hookeri,100,0.704225,136,sala-PA,FBpp0079824,FBgn0003313,maker-scaffold5131-size174542-augustus-gene-0.3-mRNA-1
C_hookeri,78,0.549296,136,sala-PA,FBpp0079824,FBgn0003313,maker-scaffold5131-size174542-augustus-gene-0.3-mRNA-1
C_hookeri,93,0.654930,149,sala-PA,FBpp0079824,FBgn0003313,maker-scaffold1990-size407029-augustus-gene-1.2-mRNA-1
C_hookeri,98,0.690141,150,sala-PA,FBpp0079824,FBgn0003313,maker-scaffold1990-size407029-augustus-gene-1.2-mRNA-1
C_hookeri,128,0.901408,151,sala-PA,FBpp0079824,FBgn0003313,maker-scaffold1420-size502615-augustus-gene-1.2-mRNA-1
C_lectularius,50,0.322581,120,CCAP-PA,FBpp0083726,FBgn0039007,CLEC009600-PA
C_hookeri,413,0.498191,164,Eip74EF-PA,FBpp0074965,FBgn0000567,maker-scaffold680-size715670-augustus-gene-4.7-mRNA-1
C_hookeri,243,0.293124,169,Eip74EF-PA,FBpp0074965,FBgn0000567,maker-scaffold231-size1084165-augustus-gene-1.2-mRNA-1
C_hookeri,112,0.135103,171,Eip74EF-PA,FBpp0074965,FBgn0000567,maker-scaffold231-size1084165-augustus-gene-1.2-mRNA-1
C_hookeri,329,0.396864,181,Eip74EF-PA,FBpp0074965,FBgn0000567,maker-scaffold231-size1084165-augustus-gene-1.2-mRNA-1
C_hookeri,111,0.133896,227,Eip74EF-PA,FBpp0074965,FBgn0000567,maker-scaffold2269-size398835-augustus-gene-2.6-mRNA-1
C_hookeri,115,0.138721,332,Eip74EF-PA,FBpp0074965,FBgn0000567,maker-scaffold747-size688717-augustus-gene-3.3-mRNA-1
C_hookeri,225,0.271411,502,Eip74EF-PA,FBpp0074965,FBgn0000567,maker-scaffold212-size1131905-augustus-gene-1.5-mRNA-1
M_extradentata,411,0.511831,276,ftz-f1-PA,FBpp0074854,FBgn0001078,Medex_00015860-RA
M_extradentata,191,0.237858,320,ftz-f1-PA,FBpp0074854,FBgn0001078,Medex_00027030-RA
M_extradentata,84,0.104608,335,ftz-f1-PA,FBpp0074854,FBgn0001078,Medex_00024257-RA
M_extradentata,164,0.204234,379,ftz-f1-PA,FBpp0074854,FBgn0001078,Medex_00012535-RA
M_extradentata,247,0.307597,421,ftz-f1-PA,FBpp0074854,FBgn0001078,Medex_00031255-RA
M_extradentata,288,0.358655,461,ftz-f1-PA,FBpp0074854,FBgn0001078,Medex_00056419-RA
M_extradentata,180,0.224159,471,ftz-f1-PA,FBpp0074854,FBgn0001078,Medex_00103731-RA
M_extradentata,164,0.204234,697,ftz-f1-PA,FBpp0074854,FBgn0001078,Medex_00056420-RA
G_buenoi,275,0.541339,310,usp-PA,FBpp0070332,FBgn0003964,GBUE004915-PB
G_buenoi,99,0.194882,310,usp-PA,FBpp0070332,FBgn0003964,GBUE008299-PA
G_buenoi,91,0.179134,314,usp-PA,FBpp0070332,FBgn0003964,GBUE020953-PA
G_buenoi,303,0.596457,320,usp-PA,FBpp0070332,FBgn0003964,GBUE004915-PA
G_buenoi,287,0.564961,335,usp-PA,FBpp0070332,FBgn0003964,GBUE021241-PA
G_buenoi,131,0.257874,337,usp-PA,FBpp0070332,FBgn0003964,GBUE021020-PA
G_buenoi,466,0.917323,352,usp-PA,FBpp0070332,FBgn0003964,GBUE013140-PA
G_buenoi,476,0.937008,458,usp-PA,FBpp0070332,FBgn0003964,GBUE021048-PA
G_buenoi,422,0.830709,469,usp-PA,FBpp0070332,FBgn0003964,GBUE021057-PA
G_buenoi,474,0.933071,540,usp-PA,FBpp0070332,FBgn0003964,GBUE021207-PA
C_hookeri,81,0.173077,145,wg-PA,FBpp0079060,FBgn0284084,maker-scaffold120-size1377678-augustus-gene-11.3-mRNA-1
C_hookeri,48,0.102564,150,wg-PA,FBpp0079060,FBgn0284084,maker-scaffold2393-size356644-augustus-gene-2.5-mRNA-1
C_hookeri,52,0.111111,150,wg-PA,FBpp0079060,FBgn0284084,maker-scaffold670-size723751-augustus-gene-2.4-mRNA-1
C_hookeri,134,0.286325,158,wg-PA,FBpp0079060,FBgn0284084,maker-scaffold120-size1377678-augustus-gene-11.3-mRNA-1
C_hookeri,83,0.177350,180,wg-PA,FBpp0079060,FBgn0284084,maker-scaffold2393-size356644-augustus-gene-2.5-mRNA-1
C_hookeri,93,0.198718,208,wg-PA,FBpp0079060,FBgn0284084,maker-scaffold123-size1361013-augustus-gene-8.5-mRNA-1
C_hookeri,89,0.190171,318,wg-PA,FBpp0079060,FBgn0284084,maker-scaffold670-size723751-augustus-gene-2.4-mRNA-1
C_hookeri,114,0.243590,349,wg-PA,FBpp0079060,FBgn0284084,maker-scaffold123-size1361013-augustus-gene-8.5-mRNA-1
G_buenoi,68,0.123188,183,en-PA,FBpp0087198,FBgn0000577,GBUE021126-PA
G_buenoi,65,0.117754,184,en-PA,FBpp0087198,FBgn0000577,GBUE009238-PA
G_buenoi,82,0.148551,186,en-PA,FBpp0087198,FBgn0000577,GBUE011537-PA
G_buenoi,264,0.478261,186,en-PA,FBpp0087198,FBgn0000577,GBUE021017-PA
G_buenoi,198,0.358696,193,en-PA,FBpp0087198,FBgn0000577,GBUE020981-PA
G_buenoi,65,0.117754,195,en-PA,FBpp0087198,FBgn0000577,GBUE007923-PA
G_buenoi,73,0.132246,195,en-PA,FBpp0087198,FBgn0000577,GBUE009815-PA
G_buenoi,90,0.163043,200,en-PA,FBpp0087198,FBgn0000577,GBUE005026-PA
G_buenoi,57,0.103261,259,en-PA,FBpp0087198,FBgn0000577,GBUE005133-PA
G_buenoi,75,0.135870,284,en-PA,FBpp0087198,FBgn0000577,GBUE005134-PA
C_lectularius,223,0.476496,260,wg-PA,FBpp0079060,FBgn0284084,CLEC005627-PA
C_lectularius,110,0.235043,281,wg-PA,FBpp0079060,FBgn0284084,CLEC005630-PA
C_lectularius,90,0.192308,321,wg-PA,FBpp0079060,FBgn0284084,CLEC005626-PA
C_lectularius,149,0.318376,337,wg-PA,FBpp0079060,FBgn0284084,CLEC012136-PA
C_lectularius,114,0.243590,344,wg-PA,FBpp0079060,FBgn0284084,CLEC012026-PA
C_lectularius,97,0.207265,346,wg-PA,FBpp0079060,FBgn0284084,CLEC012013-PA
C_lectularius,201,0.429487,440,wg-PA,FBpp0079060,FBgn0284084,CLEC013444-PA
C_lectularius,215,0.459402,484,wg-PA,FBpp0079060,FBgn0284084,CLEC012013-PA
C_lectularius,271,0.579060,585,wg-PA,FBpp0079060,FBgn0284084,CLEC012026-PA
C_lectularius,358,0.764957,893,wg-PA,FBpp0079060,FBgn0284084,CLEC005627-PA
D_simulans,400,0.753296,100,Dark-PA,FBpp0086121,FBgn0263864,FBpp0325723
D_simulans,357,0.672316,1744,Dark-PA,FBpp0086121,FBgn0263864,FBpp0320923
D_simulans,530,0.998117,2571,Dark-PA,FBpp0086121,FBgn0263864,FBpp0325605
C_hookeri,116,0.112950,168,Iswi-PA,FBpp0086954,FBgn0011604,maker-scaffold651-size734778-augustus-gene-6.9-mRNA-1
C_hookeri,156,0.151899,178,Iswi-PA,FBpp0086954,FBgn0011604,maker-scaffold651-size734778-augustus-gene-6.9-mRNA-1
C_hookeri,104,0.101266,223,Iswi-PA,FBpp0086954,FBgn0011604,maker-scaffold651-size734778-augustus-gene-6.8-mRNA-1
C_hookeri,191,0.185979,306,Iswi-PA,FBpp0086954,FBgn0011604,maker-scaffold6488-size120108-augustus-gene-0.2-mRNA-1
C_hookeri,292,0.284323,401,Iswi-PA,FBpp0086954,FBgn0011604,maker-scaffold6488-size120108-augustus-gene-0.2-mRNA-1
C_hookeri,413,0.402142,518,Iswi-PA,FBpp0086954,FBgn0011604,maker-scaffold3038-size297107-augustus-gene-1.4-mRNA-1
C_hookeri,330,0.321324,586,Iswi-PA,FBpp0086954,FBgn0011604,maker-scaffold154-size1292224-augustus-gene-11.5-mRNA-1
C_hookeri,466,0.453749,627,Iswi-PA,FBpp0086954,FBgn0011604,maker-scaffold5416-size163431-augustus-gene-0.2-mRNA-1
C_hookeri,570,0.555015,1211,Iswi-PA,FBpp0086954,FBgn0011604,maker-scaffold2185-size384366-augustus-gene-2.5-mRNA-1
C_hookeri,910,0.886076,3924,Iswi-PA,FBpp0086954,FBgn0011604,maker-scaffold6812-size190004-augustus-gene-0.5-mRNA-1
M_extradentata,143,0.367609,169,Ubx-PA,FBpp0082793,FBgn0003944,Medex_00021391-RA
M_extradentata,98,0.251928,170,Ubx-PA,FBpp0082793,FBgn0003944,Medex_00100153-RA
M_extradentata,223,0.573265,176,Ubx-PA,FBpp0082793,FBgn0003944,Medex_00089660-RA
M_extradentata,68,0.174807,176,Ubx-PA,FBpp0082793,FBgn0003944,Medex_00091090-RA
M_extradentata,77,0.197943,178,Ubx-PA,FBpp0082793,FBgn0003944,Medex_00096568-RA
M_extradentata,78,0.200514,183,Ubx-PA,FBpp0082793,FBgn0003944,Medex_00101034-RA
M_extradentata,76,0.195373,190,Ubx-PA,FBpp0082793,FBgn0003944,Medex_00093216-RA
M_extradentata,226,0.580977,191,Ubx-PA,FBpp0082793,FBgn0003944,Medex_00089660-RA
M_extradentata,58,0.149100,195,Ubx-PA,FBpp0082793,FBgn0003944,Medex_00061069-RA
M_extradentata,85,0.218509,270,Ubx-PA,FBpp0082793,FBgn0003944,Medex_00096075-RA
D_simulans,492,0.229478,610,InR-PA,FBpp0083519,FBgn0283499,FBpp0220186
D_simulans,352,0.164179,641,InR-PA,FBpp0083519,FBgn0283499,FBpp0218606
D_simulans,292,0.136194,641,InR-PA,FBpp0083519,FBgn0283499,FBpp0319259
D_simulans,292,0.136194,641,InR-PA,FBpp0083519,FBgn0283499,FBpp0320564
D_simulans,352,0.164179,641,InR-PA,FBpp0083519,FBgn0283499,FBpp0320689
D_simulans,292,0.136194,641,InR-PA,FBpp0083519,FBgn0283499,FBpp0328873
D_simulans,317,0.147854,651,InR-PA,FBpp0083519,FBgn0283499,FBpp0212882
D_simulans,301,0.140392,654,InR-PA,FBpp0083519,FBgn0283499,FBpp0315312
D_simulans,850,0.396455,872,InR-PA,FBpp0083519,FBgn0283499,FBpp0315377
D_simulans,2144,1.000000,10268,InR-PA,FBpp0083519,FBgn0283499,FBpp0218373
D_simulans,97,1.000000,529,Eh-PA,FBpp0082885,FBgn0000564,FBpp0218633
D_simulans,97,1.000000,529,Eh-PA,FBpp0082885,FBgn0000564,FBpp0314034
D_simulans,97,1.000000,529,Eh-PA,FBpp0082885,FBgn0000564,FBpp0321321
D_simulans,97,1.000000,529,Eh-PA,FBpp0082885,FBgn0000564,FBpp0322162
D_simulans,97,1.000000,529,Eh-PA,FBpp0082885,FBgn0000564,FBpp0326451
D_simulans,97,1.000000,529,Eh-PA,FBpp0082885,FBgn0000564,FBpp0327514
M_extradentata,57,0.154054,183,sd-PA,FBpp0073915,FBgn0003345,Medex_00017043-RA
M_extradentata,43,0.116216,198,sd-PA,FBpp0073915,FBgn0003345,Medex_00017043-RA
M_extradentata,90,0.243243,324,sd-PA,FBpp0073915,FBgn0003345,Medex_00017043-RA
M_extradentata,127,0.343243,508,sd-PA,FBpp0073915,FBgn0003345,Medex_00017046-RA
G_buenoi,76,0.205405,328,sd-PA,FBpp0073915,FBgn0003345,GBUE005384-PA
G_buenoi,92,0.248649,433,sd-PA,FBpp0073915,FBgn0003345,GBUE003935-PA
G_buenoi,156,0.421622,557,sd-PA,FBpp0073915,FBgn0003345,GBUE003938-PA
G_buenoi,1156,0.846886,227,salm-PA,FBpp0088852,FBgn0261648,GBUE002607-PA
G_buenoi,443,0.324542,227,salm-PA,FBpp0088852,FBgn0261648,GBUE012694-PA
G_buenoi,462,0.338462,229,salm-PA,FBpp0088852,FBgn0261648,GBUE002607-PA
G_buenoi,378,0.276923,235,salm-PA,FBpp0088852,FBgn0261648,GBUE007084-PA
G_buenoi,350,0.256410,241,salm-PA,FBpp0088852,FBgn0261648,GBUE009624-PA
G_buenoi,454,0.332601,272,salm-PA,FBpp0088852,FBgn0261648,GBUE001923-PA
G_buenoi,615,0.450549,294,salm-PA,FBpp0088852,FBgn0261648,GBUE002607-PA
G_buenoi,859,0.629304,302,salm-PA,FBpp0088852,FBgn0261648,GBUE002607-PA
G_buenoi,1169,0.856410,1339,salm-PA,FBpp0088852,FBgn0261648,GBUE002607-PA
C_hookeri,343,0.927027,759,sd-PA,FBpp0073915,FBgn0003345,maker-scaffold3168-size284414-augustus-gene-1.4-mRNA-1
M_extradentata,339,0.248352,254,salm-PA,FBpp0088852,FBgn0261648,Medex_00089318-RA
M_extradentata,457,0.334799,256,salm-PA,FBpp0088852,FBgn0261648,Medex_00015926-RA
M_extradentata,148,0.108425,256,salm-PA,FBpp0088852,FBgn0261648,Medex_00039283-RA
M_extradentata,457,0.334799,258,salm-PA,FBpp0088852,FBgn0261648,Medex_00015926-RA
M_extradentata,510,0.373626,259,salm-PA,FBpp0088852,FBgn0261648,Medex_00049848-RA
M_extradentata,516,0.378022,259,salm-PA,FBpp0088852,FBgn0261648,Medex_00049848-RA
M_extradentata,382,0.279853,263,salm-PA,FBpp0088852,FBgn0261648,Medex_00025493-RA
M_extradentata,551,0.403663,284,salm-PA,FBpp0088852,FBgn0261648,Medex_00021694-RA
M_extradentata,723,0.529670,288,salm-PA,FBpp0088852,FBgn0261648,Medex_00049848-RA
M_extradentata,1016,0.744322,1410,salm-PA,FBpp0088852,FBgn0261648,Medex_00049848-RA
M_extradentata,51,0.135638,110,exd-PA,FBpp0073940,FBgn0000611,Medex_00099593-RA
M_extradentata,51,0.135638,111,exd-PA,FBpp0073940,FBgn0000611,Medex_00096572-RA
M_extradentata,59,0.156915,121,exd-PA,FBpp0073940,FBgn0000611,Medex_00016600-RA
M_extradentata,59,0.156915,121,exd-PA,FBpp0073940,FBgn0000611,Medex_00084534-RA
M_extradentata,53,0.140957,125,exd-PA,FBpp0073940,FBgn0000611,Medex_00062969-RA
M_extradentata,74,0.196809,127,exd-PA,FBpp0073940,FBgn0000611,Medex_00096569-RA
M_extradentata,63,0.167553,239,exd-PA,FBpp0073940,FBgn0000611,Medex_00054064-RA
M_extradentata,79,0.210106,251,exd-PA,FBpp0073940,FBgn0000611,Medex_00071840-RA
M_extradentata,88,0.234043,274,exd-PA,FBpp0073940,FBgn0000611,Medex_00068030-RA
C_hookeri,123,0.316195,144,Ubx-PA,FBpp0082793,FBgn0003944,maker-scaffold5131-size174542-augustus-gene-0.3-mRNA-1
C_hookeri,133,0.341902,144,Ubx-PA,FBpp0082793,FBgn0003944,maker-scaffold5131-size174542-augustus-gene-0.3-mRNA-1
C_hookeri,212,0.544987,145,Ubx-PA,FBpp0082793,FBgn0003944,maker-scaffold5131-size174542-augustus-gene-0.3-mRNA-1
C_hookeri,199,0.511568,146,Ubx-PA,FBpp0082793,FBgn0003944,maker-scaffold5131-size174542-augustus-gene-0.3-mRNA-1
C_hookeri,120,0.308483,147,Ubx-PA,FBpp0082793,FBgn0003944,maker-scaffold5131-size174542-augustus-gene-0.3-mRNA-1
C_hookeri,192,0.493573,147,Ubx-PA,FBpp0082793,FBgn0003944,maker-scaffold5131-size174542-augustus-gene-0.3-mRNA-1
C_hookeri,222,0.570694,148,Ubx-PA,FBpp0082793,FBgn0003944,maker-scaffold5131-size174542-augustus-gene-0.3-mRNA-1
C_hookeri,64,0.164524,148,Ubx-PA,FBpp0082793,FBgn0003944,maker-scaffold740-size695741-augustus-gene-1.8-mRNA-1
C_hookeri,271,0.696658,156,Ubx-PA,FBpp0082793,FBgn0003944,maker-scaffold5131-size174542-augustus-gene-0.3-mRNA-1
C_hookeri,89,0.228792,191,Ubx-PA,FBpp0082793,FBgn0003944,maker-scaffold5334-size178103-augustus-gene-0.7-mRNA-1
C_hookeri,351,0.277032,225,salr-PA,FBpp0079822,FBgn0000287,maker-scaffold2320-size367657-augustus-gene-1.3-mRNA-1
C_hookeri,334,0.263615,229,salr-PA,FBpp0079822,FBgn0000287,maker-scaffold2633-size351892-augustus-gene-2.10-mRNA-1
C_hookeri,762,0.601421,235,salr-PA,FBpp0079822,FBgn0000287,maker-scaffold5047-size176073-augustus-gene-0.3-mRNA-1
C_hookeri,331,0.261247,236,salr-PA,FBpp0079822,FBgn0000287,maker-scaffold3744-size242937-augustus-gene-1.5-mRNA-1
C_hookeri,456,0.359905,257,salr-PA,FBpp0079822,FBgn0000287,maker-scaffold508-size828076-augustus-gene-1.4-mRNA-1
C_hookeri,382,0.301500,265,salr-PA,FBpp0079822,FBgn0000287,maker-scaffold2320-size367657-augustus-gene-1.3-mRNA-1
C_hookeri,391,0.308603,278,salr-PA,FBpp0079822,FBgn0000287,maker-scaffold22-size1954011-augustus-gene-4.2-mRNA-1
C_hookeri,528,0.416732,288,salr-PA,FBpp0079822,FBgn0000287,maker-scaffold3026-size295055-augustus-gene-0.1-mRNA-1
C_hookeri,646,0.509866,342,salr-PA,FBpp0079822,FBgn0000287,maker-scaffold3026-size295055-augustus-gene-0.1-mRNA-1
C_hookeri,685,0.540647,860,salr-PA,FBpp0079822,FBgn0000287,maker-scaffold508-size828076-augustus-gene-1.4-mRNA-1
G_buenoi,88,0.508671,417,Burs-PA,FBpp0083529,FBgn0038901,GBUE018532-PA
C_lectularius,96,0.115802,259,Eip74EF-PA,FBpp0074965,FBgn0000567,CLEC006098-PA
C_lectularius,90,0.108565,269,Eip74EF-PA,FBpp0074965,FBgn0000567,CLEC000130-PA
C_lectularius,88,0.106152,286,Eip74EF-PA,FBpp0074965,FBgn0000567,CLEC011481-PA
C_lectularius,94,0.113390,287,Eip74EF-PA,FBpp0074965,FBgn0000567,CLEC004830-PA
C_lectularius,125,0.150784,289,Eip74EF-PA,FBpp0074965,FBgn0000567,CLEC002637-PA
C_lectularius,189,0.227986,307,Eip74EF-PA,FBpp0074965,FBgn0000567,CLEC003449-PA
C_lectularius,108,0.130277,345,Eip74EF-PA,FBpp0074965,FBgn0000567,CLEC012052-PA
C_lectularius,194,0.234017,641,Eip74EF-PA,FBpp0074965,FBgn0000567,CLEC009111-PA
M_extradentata,348,0.338851,334,Iswi-PA,FBpp0086954,FBgn0011604,Medex_00010594-RA
M_extradentata,154,0.149951,345,Iswi-PA,FBpp0086954,FBgn0011604,Medex_00010973-RA
M_extradentata,128,0.124635,370,Iswi-PA,FBpp0086954,FBgn0011604,Medex_00086759-RA
M_extradentata,162,0.157741,422,Iswi-PA,FBpp0086954,FBgn0011604,Medex_00046391-RA
M_extradentata,264,0.257059,484,Iswi-PA,FBpp0086954,FBgn0011604,Medex_00068483-RA
M_extradentata,280,0.272639,514,Iswi-PA,FBpp0086954,FBgn0011604,Medex_00005396-RA
M_extradentata,112,0.109056,532,Iswi-PA,FBpp0086954,FBgn0011604,Medex_00034109-RA
M_extradentata,323,0.314508,587,Iswi-PA,FBpp0086954,FBgn0011604,Medex_00035426-RA
M_extradentata,249,0.242454,1136,Iswi-PA,FBpp0086954,FBgn0011604,Medex_00028240-RA
M_extradentata,399,0.388510,1253,Iswi-PA,FBpp0086954,FBgn0011604,Medex_00034110-RA
D_simulans,386,0.549858,467,br-PA,FBpp0070255,FBgn0283451,FBpp0318840
D_simulans,350,0.498575,467,br-PA,FBpp0070255,FBgn0283451,FBpp0319941
D_simulans,350,0.498575,467,br-PA,FBpp0070255,FBgn0283451,FBpp0327596
D_simulans,638,0.908832,468,br-PA,FBpp0070255,FBgn0283451,FBpp0219998
D_simulans,638,0.908832,468,br-PA,FBpp0070255,FBgn0283451,FBpp0317989
D_simulans,638,0.908832,468,br-PA,FBpp0070255,FBgn0283451,FBpp0320245
D_simulans,386,0.549858,483,br-PA,FBpp0070255,FBgn0283451,FBpp0222173
D_simulans,323,0.460114,485,br-PA,FBpp0070255,FBgn0283451,FBpp0328065
D_simulans,293,0.417379,1020,br-PA,FBpp0070255,FBgn0283451,FBpp0316592
D_simulans,591,0.841880,1557,br-PA,FBpp0070255,FBgn0283451,FBpp0325479
D_simulans,139,0.410029,148,Drice-PA,FBpp0084848,FBgn0019972,FBpp0224282
D_simulans,207,0.610619,221,Drice-PA,FBpp0084848,FBgn0019972,FBpp0208743
D_simulans,193,0.569322,227,Drice-PA,FBpp0084848,FBgn0019972,FBpp0320818
D_simulans,193,0.569322,227,Drice-PA,FBpp0084848,FBgn0019972,FBpp0321459
D_simulans,259,0.764012,445,Drice-PA,FBpp0084848,FBgn0019972,FBpp0323718
D_simulans,303,0.893805,1015,Drice-PA,FBpp0084848,FBgn0019972,FBpp0210176
D_simulans,339,1.000000,1628,Drice-PA,FBpp0084848,FBgn0019972,FBpp0219869
C_hookeri,84,0.152174,141,en-PA,FBpp0087198,FBgn0000577,maker-scaffold3875-size234203-augustus-gene-1.3-mRNA-1
C_hookeri,424,0.768116,142,en-PA,FBpp0087198,FBgn0000577,maker-scaffold370-size932106-augustus-gene-7.3-mRNA-1
C_hookeri,497,0.900362,144,en-PA,FBpp0087198,FBgn0000577,maker-scaffold370-size932106-augustus-gene-7.3-mRNA-1
C_hookeri,488,0.884058,145,en-PA,FBpp0087198,FBgn0000577,maker-scaffold370-size932106-augustus-gene-7.3-mRNA-1
C_hookeri,377,0.682971,145,en-PA,FBpp0087198,FBgn0000577,maker-scaffold680-size715670-augustus-gene-4.7-mRNA-1
C_hookeri,451,0.817029,146,en-PA,FBpp0087198,FBgn0000577,maker-scaffold167-size1229586-augustus-gene-11.1-mRNA-1
C_hookeri,534,0.967391,147,en-PA,FBpp0087198,FBgn0000577,maker-scaffold370-size932106-augustus-gene-7.3-mRNA-1
C_hookeri,449,0.813406,152,en-PA,FBpp0087198,FBgn0000577,maker-scaffold370-size932106-augustus-gene-7.3-mRNA-1
C_hookeri,76,0.137681,162,en-PA,FBpp0087198,FBgn0000577,maker-scaffold740-size695741-augustus-gene-1.8-mRNA-1
C_hookeri,78,0.141304,187,en-PA,FBpp0087198,FBgn0000577,maker-scaffold5334-size178103-augustus-gene-0.7-mRNA-1
M_extradentata,102,0.718310,184,sala-PA,FBpp0079824,FBgn0003313,Medex_00021391-RA
M_extradentata,80,0.563380,184,sala-PA,FBpp0079824,FBgn0003313,Medex_00021391-RA
M_extradentata,99,0.697183,185,sala-PA,FBpp0079824,FBgn0003313,Medex_00077222-RA
M_extradentata,102,0.718310,186,sala-PA,FBpp0079824,FBgn0003313,Medex_00021391-RA
M_extradentata,94,0.661972,186,sala-PA,FBpp0079824,FBgn0003313,Medex_00021391-RA
M_extradentata,80,0.563380,187,sala-PA,FBpp0079824,FBgn0003313,Medex_00021391-RA
M_extradentata,83,0.584507,189,sala-PA,FBpp0079824,FBgn0003313,Medex_00068895-RA
M_extradentata,97,0.683099,190,sala-PA,FBpp0079824,FBgn0003313,Medex_00077222-RA
M_extradentata,118,0.830986,198,sala-PA,FBpp0079824,FBgn0003313,Medex_00021391-RA
M_extradentata,101,0.711268,203,sala-PA,FBpp0079824,FBgn0003313,Medex_00077222-RA
G_buenoi,126,0.887324,135,sala-PA,FBpp0079824,FBgn0003313,GBUE012707-PA
G_buenoi,109,0.767606,136,sala-PA,FBpp0079824,FBgn0003313,GBUE010016-PA
G_buenoi,101,0.711268,137,sala-PA,FBpp0079824,FBgn0003313,GBUE000145-PA
G_buenoi,110,0.774648,138,sala-PA,FBpp0079824,FBgn0003313,GBUE011217-PA
G_buenoi,117,0.823944,138,sala-PA,FBpp0079824,FBgn0003313,GBUE013419-PA
G_buenoi,128,0.901408,139,sala-PA,FBpp0079824,FBgn0003313,GBUE012707-PA
G_buenoi,102,0.718310,142,sala-PA,FBpp0079824,FBgn0003313,GBUE000143-PA
G_buenoi,95,0.669014,144,sala-PA,FBpp0079824,FBgn0003313,GBUE000143-PA
G_buenoi,111,0.781690,146,sala-PA,FBpp0079824,FBgn0003313,GBUE000143-PA
G_buenoi,119,0.838028,176,sala-PA,FBpp0079824,FBgn0003313,GBUE018700-PA
D_simulans,173,1.000000,919,Burs-PA,FBpp0083529,FBgn0038901,FBpp0219298
M_extradentata,178,0.544343,177,Dll-PA,FBpp0072286,FBgn0000157,Medex_00043961-RA
M_extradentata,69,0.211009,177,Dll-PA,FBpp0072286,FBgn0000157,Medex_00101034-RA
M_extradentata,104,0.318043,193,Dll-PA,FBpp0072286,FBgn0000157,Medex_00061069-RA
M_extradentata,70,0.214067,195,Dll-PA,FBpp0072286,FBgn0000157,Medex_00067064-RA
M_extradentata,67,0.204893,195,Dll-PA,FBpp0072286,FBgn0000157,Medex_00090185-RA
M_extradentata,111,0.339450,198,Dll-PA,FBpp0072286,FBgn0000157,Medex_00096568-RA
M_extradentata,86,0.262997,200,Dll-PA,FBpp0072286,FBgn0000157,Medex_00079665-RA
M_extradentata,99,0.302752,208,Dll-PA,FBpp0072286,FBgn0000157,Medex_00091090-RA
M_extradentata,158,0.483180,225,Dll-PA,FBpp0072286,FBgn0000157,Medex_00089546-RA
M_extradentata,144,0.440367,230,Dll-PA,FBpp0072286,FBgn0000157,Medex_00100153-RA
D_simulans,370,1.000000,1834,sd-PA,FBpp0073915,FBgn0003345,FBpp0328804
D_simulans,370,1.000000,1862,sd-PA,FBpp0073915,FBgn0003345,FBpp0316569
D_simulans,370,1.000000,1862,sd-PA,FBpp0073915,FBgn0003345,FBpp0317733
D_simulans,370,1.000000,1862,sd-PA,FBpp0073915,FBgn0003345,FBpp0317819
D_simulans,370,1.000000,1862,sd-PA,FBpp0073915,FBgn0003345,FBpp0318312
D_simulans,370,1.000000,1862,sd-PA,FBpp0073915,FBgn0003345,FBpp0320664
D_simulans,370,1.000000,1862,sd-PA,FBpp0073915,FBgn0003345,FBpp0323816
D_simulans,370,1.000000,1862,sd-PA,FBpp0073915,FBgn0003345,FBpp0326035
D_simulans,370,1.000000,1862,sd-PA,FBpp0073915,FBgn0003345,FBpp0326253
D_simulans,370,1.000000,1862,sd-PA,FBpp0073915,FBgn0003345,FBpp0328079
D_simulans,277,0.545276,375,usp-PA,FBpp0070332,FBgn0003964,FBpp0328252
D_simulans,164,0.322835,380,usp-PA,FBpp0070332,FBgn0003964,FBpp0210516
D_simulans,164,0.322835,399,usp-PA,FBpp0070332,FBgn0003964,FBpp0313070
D_simulans,164,0.322835,399,usp-PA,FBpp0070332,FBgn0003964,FBpp0321955
D_simulans,164,0.322835,399,usp-PA,FBpp0070332,FBgn0003964,FBpp0324217
D_simulans,473,0.931102,418,usp-PA,FBpp0070332,FBgn0003964,FBpp0220789
D_simulans,473,0.931102,418,usp-PA,FBpp0070332,FBgn0003964,FBpp0312767
D_simulans,473,0.931102,418,usp-PA,FBpp0070332,FBgn0003964,FBpp0323788
D_simulans,491,0.966535,541,usp-PA,FBpp0070332,FBgn0003964,FBpp0313223
D_simulans,508,1.000000,2452,usp-PA,FBpp0070332,FBgn0003964,FBpp0319643
G_buenoi,166,0.507645,203,Dll-PA,FBpp0072286,FBgn0000157,GBUE021125-PA
G_buenoi,85,0.259939,205,Dll-PA,FBpp0072286,FBgn0000157,GBUE011537-PA
G_buenoi,120,0.366972,205,Dll-PA,FBpp0072286,FBgn0000157,GBUE021094-PA
G_buenoi,101,0.308869,206,Dll-PA,FBpp0072286,FBgn0000157,GBUE003918-PA
G_buenoi,139,0.425076,207,Dll-PA,FBpp0072286,FBgn0000157,GBUE007923-PA
G_buenoi,184,0.562691,215,Dll-PA,FBpp0072286,FBgn0000157,GBUE008733-PA
G_buenoi,83,0.253823,218,Dll-PA,FBpp0072286,FBgn0000157,GBUE009815-PA
G_buenoi,188,0.574924,218,Dll-PA,FBpp0072286,FBgn0000157,GBUE021126-PA
G_buenoi,88,0.269113,223,Dll-PA,FBpp0072286,FBgn0000157,GBUE019850-PA
G_buenoi,125,0.382263,434,Dll-PA,FBpp0072286,FBgn0000157,GBUE004076-PA
G_buenoi,51,0.135638,111,exd-PA,FBpp0073940,FBgn0000611,GBUE014079-PA
G_buenoi,130,0.345745,115,exd-PA,FBpp0073940,FBgn0000611,GBUE010841-PA
G_buenoi,59,0.156915,121,exd-PA,FBpp0073940,FBgn0000611,GBUE021064-PA
G_buenoi,94,0.250000,122,exd-PA,FBpp0073940,FBgn0000611,GBUE001447-PA
G_buenoi,130,0.345745,124,exd-PA,FBpp0073940,FBgn0000611,GBUE000021-PA
G_buenoi,72,0.191489,126,exd-PA,FBpp0073940,FBgn0000611,GBUE014977-PA
G_buenoi,120,0.319149,128,exd-PA,FBpp0073940,FBgn0000611,GBUE001483-PA
G_buenoi,80,0.212766,133,exd-PA,FBpp0073940,FBgn0000611,GBUE011173-PA
G_buenoi,59,0.156915,142,exd-PA,FBpp0073940,FBgn0000611,GBUE009554-PA
G_buenoi,148,0.393617,629,exd-PA,FBpp0073940,FBgn0000611,GBUE010039-PA
C_hookeri,291,0.135728,382,InR-PA,FBpp0083519,FBgn0283499,augustus-scaffold2929-size303868-processed-gene-1.1-mRNA-1
C_hookeri,359,0.167444,392,InR-PA,FBpp0083519,FBgn0283499,maker-scaffold989-size604863-augustus-gene-5.4-mRNA-1
C_hookeri,264,0.123134,405,InR-PA,FBpp0083519,FBgn0283499,maker-scaffold15-size2120621-augustus-gene-8.1-mRNA-1
C_hookeri,246,0.114739,428,InR-PA,FBpp0083519,FBgn0283499,maker-scaffold1112-size571702-augustus-gene-3.3-mRNA-1
C_hookeri,308,0.143657,439,InR-PA,FBpp0083519,FBgn0283499,maker-scaffold171-size1223376-augustus-gene-10.3-mRNA-1
C_hookeri,345,0.160914,468,InR-PA,FBpp0083519,FBgn0283499,maker-scaffold284-size1007599-augustus-gene-7.2-mRNA-1
C_hookeri,296,0.138060,648,InR-PA,FBpp0083519,FBgn0283499,maker-scaffold1171-size556709-augustus-gene-4.6-mRNA-1
C_hookeri,1199,0.559235,1935,InR-PA,FBpp0083519,FBgn0283499,augustus-scaffold862-size931216-processed-gene-3.1-mRNA-1
C_hookeri,92,0.531792,240,Burs-PA,FBpp0083529,FBgn0038901,maker-scaffold2113-size505119-augustus-gene-3.2-mRNA-1
C_lectularius,285,0.224941,234,salr-PA,FBpp0079822,FBgn0000287,CLEC012059-PA
C_lectularius,344,0.271507,236,salr-PA,FBpp0079822,FBgn0000287,CLEC003920-PA
C_lectularius,572,0.451460,238,salr-PA,FBpp0079822,FBgn0000287,CLEC003920-PA
C_lectularius,337,0.265983,240,salr-PA,FBpp0079822,FBgn0000287,CLEC004099-PA
C_lectularius,404,0.318863,246,salr-PA,FBpp0079822,FBgn0000287,CLEC002851-PA
C_lectularius,356,0.280979,265,salr-PA,FBpp0079822,FBgn0000287,CLEC004099-PA
C_lectularius,440,0.347277,288,salr-PA,FBpp0079822,FBgn0000287,CLEC011341-PA
C_lectularius,132,0.104183,522,salr-PA,FBpp0079822,FBgn0000287,CLEC005135-PA
C_lectularius,110,0.199275,190,en-PA,FBpp0087198,FBgn0000577,CLEC003391-PA
C_lectularius,82,0.148551,191,en-PA,FBpp0087198,FBgn0000577,CLEC002972-PA
C_lectularius,96,0.173913,191,en-PA,FBpp0087198,FBgn0000577,CLEC012688-PA
C_lectularius,235,0.425725,193,en-PA,FBpp0087198,FBgn0000577,CLEC025236-PA
C_lectularius,87,0.157609,197,en-PA,FBpp0087198,FBgn0000577,CLEC001685-PA
C_lectularius,149,0.269928,197,en-PA,FBpp0087198,FBgn0000577,CLEC025004-PA
C_lectularius,266,0.481884,203,en-PA,FBpp0087198,FBgn0000577,CLEC025113-PA
C_lectularius,262,0.474638,218,en-PA,FBpp0087198,FBgn0000577,CLEC025152-PA
C_lectularius,66,0.119565,284,en-PA,FBpp0087198,FBgn0000577,CLEC004115-PA
C_lectularius,71,0.128623,301,en-PA,FBpp0087198,FBgn0000577,CLEC004114-PA
